timestamp,price,total_volumes,coin_id
1762707747345,1000.95,1661806202.130465,1
1762711304075,992.89,1513337605.0686593,1
1762714836533,999.33,1648625609.8971791,1
1762718501184,1004.24,1580894305.0486188,1
1762722066845,998.48,1623766903.5959277,1
1762725721827,997.1,1668845683.8643956,1
1762729325184,996.93,1692141507.815759,1
1762732915700,996.31,1718843151.6878853,1
1762736709392,1017.19,1815774416.350858,1
1762740052494,1011.24,1834328099.0850654,1
1762743708242,1010.15,1957992699.3882933,1
1762747312293,1013.65,1968107410.6578903,1
1762750887708,1011.43,1915959690.6501672,1
1762754506753,1006.06,1988483355.7820787,1
1762758213922,1007.76,1980383477.710268,1
1762761708575,1005.71,1788310959.3757596,1
1762765539904,997.61,2039068082.2920532,1
1762769025128,1003.81,2068578500.9188235,1
1762772546767,998.75,1809608754.3006248,1
1762776165990,999.58,2063601918.7534838,1
1762779966913,997.04,2062390904.5082505,1
1762783401277,1001.33,1867589201.6327138,1
1762786890201,984.45,1997413491.5278184,1
1762790526295,977.34,1930361126.51737,1
1762794029399,980.04,2019408368.1749482,1
1762797710568,985.76,1931451466.1851993,1
1762801347678,982.81,2050690581.4550552,1
1762804952607,988.09,2030357903.7314632,1
1762808593343,987.35,2002924944.6982906,1
1762812111459,985.39,2012254398.169364,1
1762815821513,993.64,1921666390.5893242,1
1762819333820,991.91,1953056003.2683258,1
1762822980267,990.49,1867855065.5424783,1
1762826525770,1001.42,1888999161.3817513,1
1762830054061,1003.69,1903300736.0268269,1
1762833625018,1001.16,1886783436.5075366,1
1762837298328,987.65,1881174453.7609262,1
1762840971825,984.7,1901441803.9075184,1
1762844468315,981.46,1862525532.4340117,1
1762848253443,973.98,1938253856.2915375,1
1762851714400,977.04,1818495901.0090103,1
1762855472994,975.43,1875829159.271345,1
1762858933121,978.23,1859991878.2385278,1
1762862556775,979.97,1881231512.302828,1
1762866157770,981.2,1765922755.8914177,1
1762869775969,977.11,1846811763.2762105,1
1762873236906,976.9,1805745422.8971906,1
1762877010552,976.18,1762306847.8774347,1
1762880461131,974.7,1732345062.7054708,1
1762884075163,967.37,1815486416.6779342,1
1762887713733,967.8,1813402830.190894,1
1762891301690,962.68,1821372854.6658223,1
1762894877350,959.89,1850393670.748172,1
1762898521407,959.27,1726116681.4533234,1
1762902033302,964.57,1845535047.6673305,1
1762905710331,957.15,1720439846.7132306,1
1762909365117,956.97,1882500974.2276988,1
1762912897604,964.74,1803057666.6841903,1
1762916535602,960.89,1764554173.2014909,1
1762920111717,961.64,1568723745.6696959,1
1762923686713,959.45,1659063460.8401172,1
1762927264988,957.76,1568246368.122818,1
1762930826965,959.34,1559105985.7372813,1
1762934512870,953.59,1466156089.562614,1
1762938099722,963.57,1572743797.5011559,1
1762941783647,965.84,1581765563.336867,1
1762945287033,972.17,1525475004.2098408,1
1762948926736,970.62,1417292927.1515307,1
1762952484078,973.3,1489053096.7517617,1
1762956152829,976.77,1591251186.6721294,1
1762959673871,965.92,1587134572.119528,1
1762963324282,949.88,1626720981.7891383,1
1762966919622,942.78,1697825230.0523624,1
1762970545552,949.92,1577910494.8614118,1
1762974199796,950.22,1594231544.9215121,1
1762977664400,948.77,1630846801.578096,1
1762981262438,953.21,1602689622.176248,1
1762984906319,954.48,1605442826.9114664,1
1762988513701,956.15,1575825047.4270792,1
1762992226198,952.92,1547574582.8027587,1
1762995613586,954.76,1534322984.6312788,1
1762999249991,955.53,1523323556.6001804,1
1763002913441,954.51,1518323190.1937656,1
1763006620328,960.11,1582327889.9346912,1
1763010088523,960.82,1574486449.4198751,1
1763013674914,968.74,1634058764.8559918,1
1763017219480,968.6,1635364888.138694,1
1763020916145,964.16,1640473682.7748964,1
1763024458686,965.87,1539404524.0166757,1
1763028063511,960.34,1621919892.3346987,1
1763031645231,963.36,1616444543.5974998,1
1763035278641,967.06,1601404977.9026616,1
1763038904197,965.04,1606536297.313729,1
1763042569729,959.95,1605957118.2745132,1
1763046052111,964.56,1620356626.6111884,1
1763049695632,955.71,1590622678.0677946,1
1763053270118,945.36,1478924723.1107256,1
1763056893407,932.79,1615481463.6898706,1
1763060474363,917.46,1798811751.3605475,1
1763064087116,913.2,1935816772.2197206,1
1763067834683,914.89,2048593583.7764273,1
1763071310422,913.4,2099432864.1559408,1
1763074946901,923.49,2156548562.9330015,1
1763078602080,924.54,2224429016.234831,1
1763082120353,920.76,2251071712.305987,1
1763085999345,921.21,2117299411.21088,1
1763089298383,929.77,2350110173.4888697,1
1763092874392,923.46,2238263408.0805926,1
1763096501138,912.76,2433110236.322985,1
1763100121540,918.11,2555673037.8754687,1
1763103749871,914.22,2603404712.0635624,1
1763107309590,923.57,2676182234.7231927,1
1763110917326,917.92,2710850312.688821,1
1763114780200,910.69,2685388863.5460486,1
1763118110614,913.56,2778489023.623423,1
1763121726076,905.76,2821604743.8820066,1
1763125424534,905.43,3044935695.602504,1
1763128914069,905.41,3107970225.79243,1
1763132848424,921.4,3363826780.3013034,1
1763136124404,926.39,3021672700.4250555,1
1763139668228,930.75,3333046362.636722,1
1763143359359,923.21,3257376067.3215113,1
1763146899609,920.1,3120660395.396628,1
1763150628487,931.48,2999134239.4086323,1
1763154129439,917.98,2912361926.8833327,1
1763157757700,924.26,2911257487.2412057,1
1763161267134,921.62,2848260421.107868,1
1763164921603,917.7,2858531583.3570466,1
1763168509041,919.58,2835961192.7586775,1
1763172261146,926.5,2812331142.3039317,1
1763175679448,934.87,2810875333.677998,1
1763179239007,931.48,2775881364.8426,1
1763182853051,927.28,2626500000.40112,1
1763186614292,931.51,2518793981.5049653,1
1763190264707,931.74,2472608705.589026,1
1763193725324,934.53,2383509861.4038935,1
1763197302099,931.24,2430456888.059443,1
1763200902830,933.77,2364234069.01455,1
1763204441259,935.85,2377708218.655663,1
1763208120145,928.8,2222287109.3758574,1
1763211716927,933.95,2016552184.5581853,1
1763215306446,936.25,1964349623.2555892,1
1763218849483,935.86,1637050580.058951,1
1763222546591,936.74,1558006089.8826501,1
1763226080274,936.54,1377479008.4940436,1
1763229769602,940.0,1481999380.5599725,1
1763233390912,940.29,1402530512.2378056,1
1763236892558,941.27,1392441301.8858526,1
1763240551067,932.06,1389065752.4562628,1
1763244107221,926.44,1357897787.7079859,1
1763247857643,931.1,1319539897.9837644,1
1763251217553,931.97,1205241688.99158,1
1763254866301,931.53,1288847881.7090154,1
1763258553921,927.13,1273360019.1544464,1
1763262068198,939.07,1200303103.7307165,1
1763265665355,940.29,1263469299.4005928,1
1763269269818,940.2,1228201576.7056086,1
1763272975088,943.66,1247829731.6425529,1
1763276529994,943.45,1268181777.6385424,1
1763280102269,941.9,1245232379.9860685,1
1763283707514,943.63,1170714924.4623473,1
1763287311593,948.16,1191615972.081249,1
1763290901129,946.9,1171327288.6871877,1
1763294486373,931.18,1198388857.381461,1
1763298045926,931.92,1254296082.3118813,1
1763301721160,928.03,1289160948.739792,1
1763305301588,936.07,1327506643.953462,1
1763309195060,922.39,1279037415.9332044,1
1763312586590,915.17,1504321404.0055432,1
1763316172515,917.6,1526639070.2357855,1
1763319664703,915.1,1716785504.3274374,1
1763323277408,919.2,1629533161.287551,1
1763326894506,920.89,1755868195.091485,1
1763330663324,912.9,1765486593.8052306,1
1763334314308,913.11,1828753955.256136,1
1763337736095,928.51,1919661054.375172,1
1763341272927,935.29,2059014812.575676,1
1763344893914,929.11,2075620824.7280161,1
1763348424995,929.18,2106601278.0446799,1
1763352030170,933.82,2148023432.1545753,1
1763355833434,932.48,2182281021.980395,1
1763359308139,933.41,2206268386.31755,1
1763362869838,933.43,2212976390.8523035,1
1763366469905,934.92,2256608327.02933,1
1763370087264,935.01,2323834436.1332674,1
1763373749773,935.67,2364834169.643492,1
1763377284835,933.29,2391056079.2662663,1
1763380878939,932.53,2249694616.065106,1
1763384503509,930.13,2321306218.4412823,1
1763388099681,904.68,2455748489.9263616,1
1763391773895,918.79,2679207857.4669905,1
1763395367069,911.12,2910391788.41165,1
1763398999429,918.26,2901153805.923084,1
1763402538952,908.41,2979512627.1006308,1
1763406021496,910.59,2971899248.3148046,1
1763409724402,896.18,3112039001.633047,1
1763413360016,901.94,3253186443.568099,1
1763416916187,900.25,3289851922.9992948,1
1763420507287,907.41,3318719199.481474,1
1763424096149,906.72,3283503372.7441425,1
1763427665046,913.3,3319978587.332525,1
1763431264852,911.17,3223746286.553957,1
1763434842105,902.34,3423373543.0131793,1
1763438462682,901.11,3648068686.5632415,1
1763442091413,898.84,3738997642.6488557,1
1763445651037,909.87,3878085888.799856,1
1763449334288,904.29,3929262447.1155443,1
1763452859066,909.68,3990643102.4940586,1
1763456524389,914.77,4051354899.4292817,1
1763460174114,920.33,4117392549.063039,1
1763463709389,917.89,4104805022.1897454,1
1763467417639,917.48,4122696860.4687986,1
1763470963022,915.42,4102835421.483183,1
1763474557141,915.71,4046104220.7365675,1
1763478105563,917.36,3791412029.402121,1
1763481693506,925.14,3745126275.6355696,1
1763485309807,936.79,3686666711.810912,1
1763488909449,933.6,3680217914.1128044,1
1763492507879,935.79,3578617362.491434,1
1763496123724,934.34,3421927326.2447143,1
1763499686045,933.6,3237514991.104229,1
1763503332277,928.82,3171143436.502191,1
1763506879536,934.17,3115689271.0809755,1
1763510599242,932.06,3005015188.212742,1
1763514146235,930.54,2951895296.743804,1
1763517656198,933.81,2855242196.7158365,1
1763521310724,939.29,2837470196.6924286,1
1763524908393,931.74,2567545698.391781,1
1763528501426,925.37,2428881383.9482656,1
1763532147816,917.05,2376060646.14077,1
1763535761157,925.0,2287611116.206871,1
1763539285222,930.75,2253703087.3459277,1
1763543022217,925.12,2191611187.4979753,1
1763546581870,922.72,2112657526.0176494,1
1763550115497,922.05,2060856426.8387399,1
1763553694110,920.66,2053911633.5650704,1
1763557234563,924.29,2039282131.6906614,1
1763561015232,916.75,1985529567.7532408,1
1763564510115,917.19,1991471295.8642404,1
1763568060827,893.17,1991011926.341356,1
1763569533000,891.56,2006565299.6109712,1
1762707615912,103808.87,52410306908.25087,2
1762711368849,103590.01,52555635810.59131,2
1762714876940,104475.7,53028750144.2516,2
1762718525980,104763.28,54077753950.61318,2
1762722386051,104592.07,55657192646.211716,2
1762725719886,104492.79,55962380845.37001,2
1762729264032,104752.95,56525460601.08043,2
1762732943187,104709.68,59952468437.71812,2
1762736865239,106437.47,63362642198.45083,2
1762740132187,105795.37,66984278236.42318,2
1762743755889,105830.74,67622582016.69748,2
1762747323602,106063.26,68092901842.491234,2
1762750885394,106137.43,67478531248.31547,2
1762754581064,106051.35,67886548714.16165,2
1762758210999,106182.46,68126186857.793495,2
1762761811580,106389.42,68868571980.69397,2
1762765500036,105994.61,70084675069.77658,2
1762769036164,106322.74,71394022621.04301,2
1762772598938,105974.98,70370543873.62392,2
1762776006325,106217.54,70610744039.34288,2
1762780022250,106010.37,71063113394.78064,2
1762783401198,106433.09,71143430658.33472,2
1762787098142,104886.7,68338290523.532616,2
1762790570379,104817.09,71745441452.17545,2
1762794121622,105081.48,73847518367.34465,2
1762797735835,105761.8,74815104230.88513,2
1762801341423,105749.52,74816002919.9187,2
1762804964867,105980.97,72635844762.1104,2
1762808593589,105832.62,72609784068.60944,2
1762812029216,105365.65,72874879193.80984,2
1762815831676,105962.38,70766898600.1894,2
1762819366589,105951.5,68564010180.83136,2
1762822967092,105802.94,65802011145.42786,2
1762826506713,106407.59,65714924412.15049,2
1762830126201,106562.39,67647779162.258644,2
1762833670970,106421.16,67690270053.139694,2
1762837307895,105704.19,67898040645.39453,2
1762840979112,105368.0,69184753783.03136,2
1762844559550,105125.37,70655387460.58182,2
1762848254784,104817.14,71265361799.50545,2
1762851720639,105069.63,70465707150.8339,2
1762855408050,104979.29,69992907589.63019,2
1762858933305,105093.74,69873186524.09793,2
1762862553137,105259.74,69226453264.143,2
1762866192218,104617.12,71132701546.541,2
1762869796626,104365.67,74239514660.02884,2
1762873261707,104552.35,71759868993.7642,2
1762877012107,103443.41,72437664521.86523,2
1762880457203,103349.98,72258463804.37024,2
1762884082763,103333.9,70370882141.21448,2
1762887728476,103372.68,71621213887.06403,2
1762891229578,103132.13,71640673700.02351,2
1762894920781,102802.45,71610477209.83322,2
1762898512540,102667.41,69483229202.40683,2
1762902108552,103054.47,70943459843.82286,2
1762905791173,103112.21,70852634666.83731,2
1762909358889,102916.57,70551721316.07346,2
1762912895876,103289.25,67884077121.86763,2
1762916535678,103166.96,65349490577.93937,2
1762920141813,103342.08,63188451121.43366,2
1762923736408,103221.38,62345451193.83758,2
1762927256532,103339.04,61206883569.02643,2
1762931211497,103334.61,59893344520.87562,2
1762934541094,103127.8,58474726268.5069,2
1762938089730,104113.89,61199101149.32459,2
1762941793853,104492.38,63218998566.65896,2
1762945314972,104863.67,64580914926.7888,2
1762948920923,104954.51,65597365962.87114,2
1762952531498,105006.08,63762307546.35504,2
1762956152911,105022.76,57726685667.662636,2
1762959759307,104075.71,57105553401.01842,2
1762963370664,102145.95,56493099713.94722,2
1762967000577,101444.68,59558052965.58336,2
1762970536464,101788.23,60166445646.95842,2
1762974142815,101504.32,60659259964.17033,2
1762977639012,101260.94,62238602450.5189,2
1762981314811,101630.51,62435129342.32788,2
1762984961843,101801.96,62690876458.02543,2
1762988510102,101913.39,63311123495.245445,2
1762992067184,101633.69,63477601852.15417,2
1762995609255,101876.29,65597099399.50841,2
1762999281090,101981.87,66648803699.29332,2
1763002927106,102054.4,67212313661.80947,2
1763006614865,102044.49,71044793905.17822,2
1763010140700,102073.42,70956056748.00572,2
1763013696463,103029.51,73592884457.05888,2
1763017258034,103562.66,75051575410.30133,2
1763020907909,103422.5,76066848304.31915,2
1763024454897,103690.15,75414401217.45407,2
1763028142249,102648.56,74160307926.96707,2
1763031774432,102954.65,74197949853.3788,2
1763035276512,103003.95,73866581438.60788,2
1763038968870,103114.56,74230360936.79318,2
1763042648631,102241.51,75801899608.99722,2
1763046164725,102691.14,78464094736.94183,2
1763049669692,101345.79,76077583177.67609,2
1763053272162,100550.22,78093931548.25452,2
1763056965047,99868.93,79890201448.74234,2
1763060501828,98499.59,90601292337.10202,2
1763064202855,98471.7,93339316770.13313,2
1763067850557,98191.19,97276008456.89137,2
1763071316588,98820.13,98090402780.46846,2
1763075067735,99564.32,100642305049.34558,2
1763078557270,99480.31,102195102447.30597,2
1763082127452,98848.8,103713216300.0713,2
1763086025459,99440.0,104823469891.85716,2
1763089312629,99577.62,105209958475.65285,2
1763092911428,99036.19,103504388352.08372,2
1763096569962,97848.91,107609287207.67569,2
1763100121723,97446.64,109540832047.93556,2
1763103751175,96564.42,110920668404.45822,2
1763107361805,97079.07,111885979246.51382,2
1763111006189,97312.9,115329545717.50366,2
1763114866527,96795.18,115009088106.82104,2
1763118122715,96920.29,115382169168.01006,2
1763121756694,95819.69,116764126272.13774,2
1763125428809,95296.61,123356342588.44745,2
1763128926895,95241.06,122610904457.9091,2
1763132871524,96362.59,130022635984.5229,2
1763136129678,96819.65,130207211401.58984,2
1763139889505,96955.42,128063417985.80945,2
1763143420956,95919.93,124971893782.14597,2
1763147031744,94949.48,118795853846.14514,2
1763150637876,95680.16,116688174420.8708,2
1763154146662,94283.32,114842404711.13496,2
1763157678042,94984.55,115558246168.83838,2
1763161381423,95035.7,114989307912.63002,2
1763164972211,94456.39,113198323665.38873,2
1763168546488,95056.92,111154253143.9337,2
1763172257829,95431.29,111257340541.33588,2
1763175743982,96031.13,112635932908.09184,2
1763179415883,96298.38,112627757640.04253,2
1763182894314,96047.49,107629025320.8343,2
1763186466514,96265.25,105770352264.28474,2
1763190271926,95977.5,100791328607.88101,2
1763193747870,96254.51,98404516272.90186,2
1763197341525,95694.22,97777190106.4965,2
1763200894278,95745.88,96826614080.85394,2
1763204554876,95927.02,95482290557.98415,2
1763208113008,95592.62,93028510498.69089,2
1763211626255,95757.82,86471156101.32079,2
1763215419841,96155.1,81793595659.87006,2
1763218957686,96169.9,75010187016.93121,2
1763222460949,96286.04,71149206842.93506,2
1763226083523,96077.59,68518596323.11486,2
1763229665857,96138.69,66982050730.914696,2
1763233431002,95967.57,65455950838.525276,2
1763236893621,95953.59,62654137481.08078,2
1763240560318,95157.12,59628472736.16135,2
1763244107620,95120.47,58095865221.25974,2
1763247744577,95462.1,56929450658.75467,2
1763251279676,95508.31,39062120798.23745,2
1763254914526,95491.49,36754054769.65827,2
1763258445218,95283.11,52462630475.081085,2
1763262097496,95798.17,52352732392.09202,2
1763265676201,95719.7,50559742565.7609,2
1763269293437,95737.47,50250085202.800125,2
1763272913228,95883.93,49993354882.8423,2
1763276551369,95880.54,49550062669.89252,2
1763280167762,95960.56,49191561869.92193,2
1763283722897,96034.67,47315449660.36122,2
1763287313564,96384.15,48141792451.73848,2
1763290971563,96389.55,49304691545.41481,2
1763294473930,95583.82,50807983834.656044,2
1763298140763,95761.65,51489029123.91478,2
1763301721278,95295.38,51148688122.68308,2
1763305316171,95509.26,49942994820.539566,2
1763309180812,94432.59,50206146624.471146,2
1763312617993,94271.53,54985596928.53077,2
1763316188858,94494.05,58081437158.43218,2
1763320029436,94075.75,62624311017.44194,2
1763323338314,93965.58,64007398822.20816,2
1763326896923,94163.53,63983489963.50725,2
1763330528332,93433.67,65484377485.92819,2
1763334152433,93901.72,69295151323.07886,2
1763337736306,94411.33,72645149972.7847,2
1763341295531,95018.71,74478291781.20567,2
1763344897001,94743.72,75663193496.07065,2
1763348474470,94883.09,75262653127.14531,2
1763352070722,95410.21,75683035916.37202,2
1763355671419,95029.56,77292573752.65182,2
1763359252901,95110.35,78111364158.48776,2
1763362908564,95112.64,78553505086.08107,2
1763366471497,95608.14,79680466761.41498,2
1763370049109,95539.04,80128630931.78606,2
1763373676550,95585.38,80065682566.61319,2
1763377296859,95591.41,80213753859.66963,2
1763380901332,95469.75,77792339668.75241,2
1763384514940,95284.35,77989725830.92453,2
1763388117739,93588.8,79255956177.82912,2
1763391747769,94710.62,82409790574.78754,2
1763395295860,94051.61,88240706961.9803,2
1763398997649,94211.88,88466888618.37779,2
1763402475116,92693.12,87029089556.8395,2
1763406082973,92535.85,88095008522.11247,2
1763409726749,91640.15,91201326989.43031,2
1763413311674,91833.22,96114643299.56516,2
1763416923633,91753.35,96538275624.43944,2
1763420559419,92134.04,96173134586.01268,2
1763424094625,92036.73,95794596045.06412,2
1763427655636,92021.63,97030209417.2431,2
1763431330693,91558.86,97835083710.62689,2
1763434899228,91092.77,101246299296.93655,2
1763438507723,90652.61,107135598950.09418,2
1763442093223,89455.5,108998853693.44937,2
1763445954243,90004.1,112890946317.47206,2
1763449358098,89621.24,114213731078.54822,2
1763452916965,90365.88,114814234695.44844,2
1763456504297,91196.77,116995784472.03528,2
1763460172579,91156.08,120517514838.68086,2
1763463671405,91317.66,121489836417.4552,2
1763467333744,91530.58,123558237905.50517,2
1763470896498,91392.18,121181799217.29187,2
1763474472741,91517.7,123242840351.42108,2
1763478080801,91339.44,121800561236.56427,2
1763481766154,92822.48,123929471297.26244,2
1763485314042,93375.37,124605555997.20679,2
1763488912275,93158.16,122936576951.84006,2
1763492512615,93403.71,120622965637.08086,2
1763496119848,92981.44,115413237707.62686,2
1763499670759,92777.62,109429386775.87544,2
1763503383756,92515.37,107059261586.26903,2
1763506917373,93145.76,105075860268.14705,2
1763510504645,92819.76,103837258806.01602,2
1763514066704,92400.18,102497557057.78416,2
1763517635202,92268.61,98823964326.56027,2
1763521269158,92658.36,97467881636.19191,2
1763524913748,91770.49,89776401500.97743,2
1763528583184,91181.02,85820415765.27312,2
1763532167314,90291.88,85684417147.84834,2
1763535648486,90908.6,83691772386.80641,2
1763539287159,91807.78,83023332194.74393,2
1763542818398,91376.6,80227780550.1809,2
1763546584409,91479.71,78037487323.87822,2
1763550031517,91261.52,76614215317.22443,2
1763553670256,91350.22,74933784599.04622,2
1763557385627,91665.73,74567219171.74205,2
1763560819706,91286.76,73138530347.13078,2
1763564476201,91639.43,71491546322.10208,2
1763568188628,90038.01,68855399154.5023,2
1763569553000,89677.32,70578737468.21625,2
1762707748340,0.58,852482077.3975376,3
1762711304304,0.57,852602880.0880039,3
1762715276435,0.58,861348517.8850744,3
1762718506814,0.58,873256584.6856285,3
1762722360650,0.58,889410911.6899589,3
1762725697708,0.58,892389253.109948,3
1762729320443,0.58,892367374.4444846,3
1762732935743,0.58,923546078.196485,3
1762736930086,0.59,959617722.9772679,3
1762740083584,0.58,733447805.0412619,3
1762743740215,0.58,964261556.4367427,3
1762747312347,0.59,962338201.7252783,3
1762750930086,0.59,967429585.2154683,3
1762754491655,0.59,976568957.2511494,3
1762758026188,0.59,981378741.4870738,3
1762761679193,0.59,703071822.0275668,3
1762765504059,0.59,992698940.2950815,3
1762769020950,0.6,777572976.9278556,3
1762772548010,0.6,1043498415.5801305,3
1762776129731,0.6,1055109602.5345452,3
1762779666173,0.59,788268121.4295214,3
1762783393186,0.6,1071512445.7993969,3
1762786891570,0.59,1052887020.5038573,3
1762790491302,0.59,1090897144.4739845,3
1762794077329,0.58,1056133047.1546214,3
1762797729630,0.59,1056785638.2834092,3
1762801277098,0.58,1059233537.8344978,3
1762804927371,0.59,1064035956.2215524,3
1762808596265,0.59,1054026663.5092874,3
1762812097591,0.59,1056701617.8962201,3
1762815796866,0.6,1037704414.5232831,3
1762819370067,0.59,1053800469.0498804,3
1762822901942,0.59,1039809939.2325237,3
1762826485410,0.6,1062754067.6796166,3
1762830072881,0.6,1095861534.0162768,3
1762833672930,0.6,1094397787.065712,3
1762837278711,0.59,1091681773.8841496,3
1762840974078,0.58,1089486790.7747262,3
1762844560381,0.58,1096402947.0755901,3
1762848254078,0.58,850191148.5608617,3
1762851717805,0.58,1096891747.2703254,3
1762855298725,0.58,1077298094.84123,3
1762858920769,0.58,1049989954.8731325,3
1762862485699,0.58,1039237302.8300512,3
1762866158469,0.58,1032268460.2358075,3
1762869675645,0.58,793639988.5271196,3
1762873286794,0.58,1013650229.6954845,3
1762876901996,0.57,996850973.9952708,3
1762880645481,0.57,996925404.0252864,3
1762884098425,0.57,1000829820.8863354,3
1762887680515,0.57,993417603.5754824,3
1762891253202,0.56,1021450963.3514546,3
1762894917734,0.56,1023470493.4882683,3
1762898505633,0.56,1028439239.1552123,3
1762902075460,0.56,1036454089.6047974,3
1762905691254,0.56,1031029185.9420815,3
1762909248857,0.56,1031974654.8067296,3
1762912865167,0.56,1011945631.0771463,3
1762916538511,0.56,989541603.2138559,3
1762920071683,0.56,979425135.0333903,3
1762923649204,0.56,719448735.3099151,3
1762927265472,0.56,964746372.4708524,3
1762931221193,0.56,950919883.0524014,3
1762934538819,0.56,934721319.477757,3
1762938086324,0.56,948542642.4834466,3
1762941774401,0.57,708458635.4340438,3
1762945273254,0.57,951947336.7805656,3
1762948872689,0.57,961840245.564498,3
1762952484238,0.58,966363542.9391857,3
1762956128692,0.58,966226521.4762907,3
1762959712440,0.57,956131861.0468013,3
1762963375424,0.56,965856353.9344767,3
1762966945806,0.55,1004244673.1112577,3
1762970519070,0.55,1024204586.6175259,3
1762974090915,0.55,1034187555.3161293,3
1762977739558,0.54,1003884334.901986,3
1762981370844,0.55,763685742.9802358,3
1762984934552,0.55,985912063.0447773,3
1762988488713,0.55,737192183.6097625,3
1762992083774,0.54,730404055.5185716,3
1762995873510,0.55,961820551.1187402,3
1762999280221,0.55,951332878.6120666,3
1763002932306,0.55,953038481.1894288,3
1763006568189,0.56,975278883.4488838,3
1763010017317,0.56,993298999.76069,3
1763013672340,0.57,994549818.678103,3
1763017228300,0.57,783428972.5590489,3
1763020824988,0.56,1024888098.8716896,3
1763024533301,0.57,1018682840.1771472,3
1763028077562,0.56,1022895576.3531286,3
1763031720466,0.57,1029970314.6636773,3
1763035279383,0.56,796564483.2633423,3
1763038942635,0.57,1016783677.4596372,3
1763042509659,0.56,1026772807.9956238,3
1763046064207,0.56,1067772652.5928419,3
1763049690525,0.55,1036192074.0336918,3
1763053362439,0.54,1001934159.7193995,3
1763056965397,0.53,1007472187.9079812,3
1763060498501,0.52,1048318471.1806271,3
1763064113215,0.52,1083595579.4329448,3
1763067848808,0.52,1133425692.8963475,3
1763071313143,0.52,1151643086.2751098,3
1763075061690,0.53,1193824190.803261,3
1763078466585,0.53,1000366169.1708103,3
1763082067157,0.53,1233108430.6017153,3
1763086000350,0.53,1247073492.1859047,3
1763089299111,0.53,1047670476.4257138,3
1763092827005,0.53,1245047570.1325088,3
1763096492464,0.52,1273945849.4485555,3
1763100122359,0.52,1332339887.4435017,3
1763103701128,0.52,1358309058.5772042,3
1763107264586,0.52,1379002687.844118,3
1763110812642,0.52,1390608967.2908952,3
1763114793617,0.51,1144270173.648834,3
1763118124092,0.52,1157715448.3998008,3
1763121681679,0.51,1433562524.5053303,3
1763125403706,0.51,1239854629.88639,3
1763128976654,0.51,1525155883.6611934,3
1763132806655,0.51,1559598771.9037597,3
1763136124509,0.52,1574693110.324825,3
1763139890176,0.52,1561285598.8365097,3
1763143414119,0.51,1503272359.5199037,3
1763147050052,0.51,1186606585.8781357,3
1763150517250,0.52,1436807422.7908015,3
1763154099572,0.5,1397182527.5952396,3
1763157701246,0.51,1399591584.995452,3
1763161339671,0.5,1383455463.3839958,3
1763164918478,0.5,1397940395.6840236,3
1763168482380,0.5,1387351987.393642,3
1763172285900,0.51,1389070976.2276797,3
1763175679647,0.51,1395474222.203762,3
1763179291992,0.51,1360850030.5671325,3
1763182928887,0.51,1336253864.2319736,3
1763186543369,0.51,1291836244.072693,3
1763190167553,0.51,1306366932.5747683,3
1763193676006,0.51,1284272752.1277032,3
1763197341945,0.5,1303633371.4550788,3
1763200847157,0.5,1287714838.721207,3
1763204556651,0.5,1277170210.1554117,3
1763208119486,0.5,1243195731.4230483,3
1763211723601,0.51,1186581688.8586564,3
1763215316382,0.51,1148591506.2783477,3
1763219128162,0.51,1079032612.4102843,3
1763222546942,0.51,1039845443.291645,3
1763226127652,0.51,1015151995.4273766,3
1763229862221,0.51,1011024374.2500842,3
1763233217535,0.51,1000618344.8585068,3
1763236922998,0.51,982071560.5073872,3
1763240541646,0.5,956911660.9123209,3
1763244033282,0.5,935927865.3335586,3
1763247719699,0.5,931105132.3493824,3
1763251269135,0.5,683217505.0083947,3
1763254912878,0.5,877160824.9704071,3
1763258554180,0.5,877820537.2082536,3
1763262073050,0.5,895845852.2799875,3
1763265810567,0.5,683727460.399292,3
1763269277855,0.5,664532315.1985596,3
1763272869865,0.5,861603681.8241051,3
1763276495221,0.5,822860021.4332603,3
1763280154047,0.5,809391145.7676904,3
1763283677363,0.5,767149326.9662521,3
1763287260616,0.51,762248798.209169,3
1763290961215,0.51,760188748.9334072,3
1763294531825,0.5,788318863.8773998,3
1763298105522,0.5,808327025.867832,3
1763301713480,0.49,629348094.7549814,3
1763305348201,0.5,826420284.3246135,3
1763309192680,0.49,857813855.2898811,3
1763312529146,0.48,923063081.9381078,3
1763316191661,0.48,980104536.4265589,3
1763319856350,0.48,1016785870.4753864,3
1763323268081,0.48,1046167569.7899592,3
1763326894057,0.48,1046536846.6914594,3
1763330508923,0.48,1060836280.9710022,3
1763334086510,0.48,1133293740.9215682,3
1763337695406,0.49,1187911953.360108,3
1763341282735,0.49,1235912536.5064976,3
1763344891237,0.49,1244427283.8071158,3
1763348560902,0.49,1054552333.5814149,3
1763352150793,0.49,1060289714.4081914,3
1763355691521,0.49,1283203760.9043725,3
1763359312490,0.49,1282011158.2429512,3
1763362910462,0.49,1288960909.6681006,3
1763366465787,0.5,1307548533.5683157,3
1763370085068,0.49,1313186140.3882983,3
1763373770214,0.49,1317897755.792312,3
1763377297565,0.49,1323836129.4696872,3
1763380924523,0.49,1308957869.624954,3
1763384515322,0.49,1283879459.6823766,3
1763388173672,0.48,1287985330.898457,3
1763391651993,0.49,1425841549.4978523,3
1763395363737,0.48,1402597083.5317628,3
1763398955200,0.48,1363695755.2952318,3
1763402471783,0.47,1143721201.3335695,3
1763406121255,0.47,1323239423.86886,3
1763409724609,0.46,1345468703.2228875,3
1763413431174,0.46,1396921173.196143,3
1763416981237,0.46,1393623394.3308659,3
1763420558826,0.46,1369552007.9375074,3
1763424096469,0.46,1319806242.5570447,3
1763427732122,0.46,1291042769.7218087,3
1763431333063,0.46,1291118540.2998161,3
1763434892984,0.46,1347055042.0495968,3
1763438472979,0.47,1362861038.6007411,3
1763442136248,0.46,1391322211.122033,3
1763445669262,0.47,1419008460.5066864,3
1763449310233,0.46,1466243147.962014,3
1763452873568,0.46,1452119835.2636852,3
1763456494137,0.47,1479742484.879506,3
1763460167921,0.47,1480283331.9790397,3
1763463720905,0.47,1305152795.4643261,3
1763467314995,0.47,1306241029.650318,3
1763470900448,0.47,1306156830.1793053,3
1763474567219,0.46,1527603364.0419266,3
1763478074936,0.46,1398690423.7413278,3
1763481718800,0.47,1409656606.7452402,3
1763485312095,0.48,1424227462.2310286,3
1763488884399,0.48,1214575130.9371014,3
1763492504700,0.48,1395380700.2451377,3
1763496102716,0.48,1345659263.6548588,3
1763499666222,0.48,1084399879.878707,3
1763503373003,0.47,1263789154.3818126,3
1763506917445,0.48,1052614672.5162077,3
1763510506294,0.47,1243310089.048481,3
1763514105185,0.47,1232094325.866703,3
1763517683932,0.47,1230909067.0394037,3
1763521310827,0.47,1191887574.4891076,3
1763524909332,0.47,1122286858.4740968,3
1763528583481,0.47,1096471749.0741851,3
1763532164023,0.45,1086729370.7831047,3
1763535764076,0.46,1092575257.9819882,3
1763539257326,0.47,1078892031.97684,3
1763542909007,0.47,1065355873.0941497,3
1763546565928,0.47,1044757215.9435738,3
1763550012311,0.47,853626020.955359,3
1763553665935,0.47,1032206552.2489957,3
1763557329061,0.47,1028485235.8567277,3
1763561007626,0.47,1021630505.5924702,3
1763564511155,0.46,1010265773.5607251,3
1763568180235,0.46,1007890684.57383,3
1763569572000,0.45,1004229382.6695248,3
1762707641294,0.18,1438776822.4448845,4
1762711304870,0.18,1385372343.3164349,4
1762715285436,0.18,1394905119.571791,4
1762718483689,0.18,1417602102.2997236,4
1762722389845,0.18,1437154729.9526582,4
1762725658000,0.18,1458068250.409153,4
1762729320670,0.18,1534862377.4154074,4
1762732946291,0.18,1521006933.2410104,4
1762736739220,0.18,1699448120.133071,4
1762740093517,0.18,1762726874.7870688,4
1762743720072,0.18,1776481587.2266471,4
1762747323317,0.18,1777485266.0792053,4
1762750949623,0.18,1752599303.329738,4
1762754423649,0.18,1772812366.106715,4
1762758211135,0.18,1830904729.5891905,4
1762761738367,0.18,1867031441.7515259,4
1762765362779,0.18,1898581322.1500225,4
1762769024532,0.18,1991442591.2012403,4
1762772548136,0.18,2004403475.570129,4
1762776088349,0.18,2012583066.623529,4
1762779996466,0.18,2018187882.5209668,4
1762783401763,0.18,2007822856.5688002,4
1762786908807,0.18,2062255857.1805804,4
1762790477209,0.18,2112587846.1477184,4
1762794120032,0.18,2032438954.8551626,4
1762797727929,0.18,2044456880.646092,4
1762801294310,0.18,2036429123.8860378,4
1762804924526,0.18,2046089916.157647,4
1762808596396,0.18,2024786747.6309009,4
1762812059737,0.18,2026460849.8808033,4
1762815722098,0.18,2159453887.443821,4
1762819340563,0.18,2025159477.96364,4
1762822913954,0.18,1889762212.248532,4
1762826484559,0.18,2097166794.6734085,4
1762830130582,0.18,2072094936.8997748,4
1762833664523,0.18,2082151120.25303,4
1762837293246,0.18,2093897314.6493063,4
1762840967215,0.18,2110334710.7934403,4
1762844603988,0.18,2155282985.556356,4
1762848251841,0.18,2160694640.2146773,4
1762851645192,0.18,2152542774.1184244,4
1762855393234,0.18,2102585517.2715263,4
1762858932668,0.18,2061134406.6744785,4
1762862570314,0.18,2030426976.3207097,4
1762866155083,0.18,2013392421.6096907,4
1762869685144,0.18,2017133538.8603733,4
1762873388344,0.18,1974455122.7785752,4
1762876966319,0.18,1961079435.362071,4
1762880461427,0.18,1958262079.271798,4
1762884075614,0.18,1966884184.6008003,4
1762887678122,0.17,1969487258.9170702,4
1762891233582,0.17,1965141205.5735283,4
1762894914958,0.17,1985726197.929204,4
1762898469584,0.17,1997178622.9157703,4
1762902076382,0.17,1996538547.9996834,4
1762905766780,0.17,1994665220.678145,4
1762909350566,0.17,1986326001.2388773,4
1762912894073,0.17,1839001957.7440639,4
1762916535709,0.17,1785916177.6431506,4
1762920106117,0.17,1738675135.946315,4
1762923683365,0.17,1679058079.1699555,4
1762927266552,0.17,1639091448.608642,4
1762930912323,0.17,1585524905.9940362,4
1762934500691,0.17,1548223248.001301,4
1762938109528,0.17,1604270001.2953386,4
1762941683916,0.17,1630037113.453556,4
1762945221974,0.18,1649858022.575864,4
1762948909222,0.18,1666049892.848372,4
1762952488426,0.18,1665082039.0334754,4
1762956124408,0.18,1641398698.962174,4
1762959609015,0.18,1700025444.5447116,4
1762963227442,0.17,1709373115.8495522,4
1762966900039,0.17,1750982561.3717198,4
1762970519335,0.17,1769002355.0912569,4
1762974101078,0.17,1803667871.4112492,4
1762977657620,0.17,1819243978.1147845,4
1762981326237,0.17,1800995404.8772898,4
1762984935118,0.17,1719093084.2848613,4
1762988491554,0.17,1746144699.1689818,4
1762992047832,0.17,1708032776.587796,4
1762995701632,0.17,1710885837.245864,4
1762999234169,0.17,1728540651.3395321,4
1763002914474,0.17,1701245806.6732352,4
1763006569982,0.17,1840907917.7968085,4
1763010092693,0.17,1891254698.8165476,4
1763013675604,0.18,1959600584.56519,4
1763017253714,0.18,2000617926.0454726,4
1763020875222,0.18,2044288049.5306594,4
1763024557717,0.18,2001474363.8345873,4
1763028114163,0.17,2020644089.0387917,4
1763031721275,0.18,2006948964.219354,4
1763035277515,0.18,1987452958.3206272,4
1763038944336,0.18,1977666696.8964472,4
1763042515150,0.17,2002706106.9277656,4
1763046052929,0.18,2039473604.7431648,4
1763049659011,0.17,2010206658.9556189,4
1763053326926,0.17,1967185028.465159,4
1763056965456,0.17,2008431070.7885737,4
1763060479222,0.16,2140419442.1887765,4
1763064133167,0.16,2225722252.801997,4
1763067885025,0.16,2347499033.6497793,4
1763071304654,0.16,2402564308.797956,4
1763075057023,0.16,2469561579.0562353,4
1763078480948,0.16,2562744822.687431,4
1763082068539,0.16,2638015845.813365,4
1763086002321,0.16,2681550456.9992003,4
1763089286202,0.16,2730763266.6370387,4
1763092911663,0.16,2649516958.0361767,4
1763096471183,0.16,2780130152.328812,4
1763100028764,0.16,2851481771.187466,4
1763103729707,0.16,2876020447.747251,4
1763107352654,0.17,2956410888.0272584,4
1763110837918,0.16,2975403389.112033,4
1763114785554,0.16,2948608067.714079,4
1763118125396,0.16,2961553089.4158716,4
1763121753933,0.16,3038203986.0736594,4
1763125424889,0.16,3079285404.3315744,4
1763128898739,0.16,3289095750.28106,4
1763132835253,0.16,3428854257.8923755,4
1763136073799,0.16,3423988799.4093895,4
1763139679522,0.16,3415375734.1922064,4
1763143310486,0.16,3287205271.9382076,4
1763146905993,0.16,3159263246.050422,4
1763150645668,0.16,2984856260.895861,4
1763154102750,0.16,2966749333.049427,4
1763157733028,0.16,2956494186.1430883,4
1763161297622,0.16,2921761894.7970085,4
1763164974694,0.16,2934556865.1146245,4
1763168483443,0.16,2909706111.4454036,4
1763172289257,0.16,2879076508.6832066,4
1763175727101,0.16,2859854181.326377,4
1763179288099,0.16,2836234351.498633,4
1763182990761,0.16,2650860634.371497,4
1763186462215,0.16,2569611029.542709,4
1763190062698,0.16,2510214557.712464,4
1763193703016,0.16,2423667877.830225,4
1763197306675,0.16,2405183417.023987,4
1763200970947,0.16,2379330627.0186515,4
1763204540922,0.16,2365150157.991789,4
1763208104965,0.16,2258229441.4038568,4
1763211658793,0.16,2025330892.977112,4
1763215368036,0.16,1981294657.492032,4
1763219024810,0.16,1748307925.466805,4
1763222544271,0.16,1622902121.3715847,4
1763226080303,0.16,1586160862.1889472,4
1763229821384,0.16,1559282265.5607696,4
1763233272373,0.16,1503493638.8671646,4
1763236864767,0.16,1455824129.223474,4
1763240552734,0.16,1394846495.856963,4
1763244102635,0.16,1371598959.0778394,4
1763247692076,0.16,1351395708.3866851,4
1763251267559,0.16,1223449546.6316926,4
1763254934282,0.16,1170576169.7677276,4
1763258554154,0.16,1170874233.0210416,4
1763262082900,0.16,1218563272.8262637,4
1763265811866,0.16,1166495932.1575718,4
1763269279048,0.16,1159955691.4720502,4
1763272921952,0.16,1145146008.0727773,4
1763276525550,0.16,1109094724.2338326,4
1763280101216,0.16,1083016049.734181,4
1763283677547,0.16,1046869406.5078065,4
1763287310673,0.16,1026877344.860744,4
1763290949800,0.16,1048909314.2752122,4
1763294456308,0.16,1116531058.6897426,4
1763298127092,0.16,1127559749.75543,4
1763301670646,0.16,1131948310.5016592,4
1763305361354,0.16,1125049258.2586703,4
1763308818006,0.16,1149953256.6094217,4
1763312594275,0.16,1243528863.0151994,4
1763316074464,0.16,1345289337.5877914,4
1763319973461,0.15,1436671406.1549256,4
1763323355453,0.16,1475870375.021428,4
1763326896548,0.16,1487186940.0904312,4
1763330455616,0.16,1508909317.1387937,4
1763334078925,0.16,1561684126.2184763,4
1763337683582,0.16,1692258688.5815175,4
1763341291868,0.16,1768245466.0113852,4
1763344858751,0.16,1743292022.0095694,4
1763348429335,0.16,1792377757.3352363,4
1763352257078,0.16,1833760251.1025543,4
1763355879273,0.16,1861884293.2122886,4
1763359312617,0.16,1887372619.6226873,4
1763362871858,0.16,1909017201.9793282,4
1763366470197,0.16,1903846301.2465036,4
1763370068030,0.16,1952790700.7363799,4
1763373736228,0.16,2020069169.3113844,4
1763377211939,0.16,2003755325.250838,4
1763380924587,0.16,1948232077.994757,4
1763384503413,0.16,1913973396.4606743,4
1763388174032,0.16,2051953497.8664858,4
1763391659646,0.16,2424160343.7580223,4
1763395260503,0.16,2440258179.090058,4
1763398894796,0.16,2517392410.557097,4
1763402441729,0.16,2422549538.168976,4
1763406069718,0.16,2469719927.388976,4
1763409725416,0.15,2603829131.8223953,4
1763413317985,0.15,2745392472.0475082,4
1763416924602,0.15,2797424436.1569643,4
1763420427351,0.15,2802567076.1572466,4
1763424094913,0.15,2717616379.7304535,4
1763427653189,0.15,2669874055.4724226,4
1763431324528,0.15,2786582566.6905327,4
1763434848047,0.15,2921059715.602568,4
1763438497832,0.15,2956897672.632613,4
1763442088419,0.15,3156508512.770389,4
1763445663416,0.15,3175324341.6794987,4
1763449325104,0.15,3151317453.1639495,4
1763452873279,0.15,3148904299.2565556,4
1763456525876,0.16,3199699088.82194,4
1763460168189,0.16,3236406879.795661,4
1763463736926,0.16,3246937964.163165,4
1763467296955,0.16,3257424668.2312984,4
1763470897840,0.16,3305592984.337731,4
1763474554827,0.16,3337078369.3010855,4
1763478075339,0.16,3110742521.5384784,4
1763481717047,0.16,3059786022.1243887,4
1763485310769,0.16,2967325661.086941,4
1763488911550,0.16,2938627134.2408495,4
1763492487969,0.16,2814056196.0736947,4
1763496087307,0.16,2651622815.8047624,4
1763499735843,0.16,2521228834.0412745,4
1763503383921,0.16,2423906070.4242806,4
1763506917938,0.16,2423882624.5451474,4
1763510446797,0.16,2391112930.255534,4
1763514105476,0.16,2291682653.0006423,4
1763517662288,0.16,2279383173.8385987,4
1763521310851,0.16,2157942704.6203866,4
1763524868050,0.16,2019357749.4474626,4
1763528539978,0.16,1946519111.9797893,4
1763532158512,0.16,1953918089.7925866,4
1763535751949,0.16,1964839263.7237194,4
1763539294620,0.16,1950429115.4101017,4
1763543022665,0.16,1903867898.9970393,4
1763546483980,0.16,1876991789.9967992,4
1763550019568,0.16,1818904956.0921156,4
1763553686097,0.16,1857634687.5561428,4
1763557331153,0.16,1841779372.2340858,4
1763561008683,0.16,1806573814.249767,4
1763564511794,0.16,1748680006.6068742,4
1763568075503,0.15,1768457694.068784,4
1763569595000,0.15,1773644169.3672712,4
1762704029781,3514.53,21607667727.284325,5
1762707742638,3530.4,22683507659.401222,5
1762711232436,3515.37,22519461723.60795,5
1762714918191,3540.88,21391116377.80218,5
1762718522790,3575.46,22517236627.689606,5
1762722390542,3579.38,23717649714.844437,5
1762725717004,3580.35,24465471678.485962,5
1762729232567,3592.3,24371707556.23703,5
1762732936511,3576.25,25994213654.36895,5
1762736888288,3633.56,28488065276.94721,5
1762740052065,3629.52,28783973139.85474,5
1762743726012,3619.93,29249828556.339363,5
1762747311956,3628.45,30002225210.476994,5
1762750885860,3617.0,30054272541.086174,5
1762754571125,3602.29,29612752546.782566,5
1762758223677,3606.72,30300608168.185207,5
1762761748795,3607.52,30068705296.219116,5
1762765492880,3592.47,31908979977.29773,5
1762769038108,3623.09,31572595143.59055,5
1762772549588,3604.85,31384718475.42671,5
1762776179751,3611.62,31014523665.35665,5
1762779977193,3596.57,30661362931.170456,5
1762783400338,3613.75,30330315401.30489,5
1762786892494,3541.46,26451277885.86758,5
1762790555318,3512.25,29169512945.980686,5
1762794120801,3523.75,30400691331.013126,5
1762797738422,3545.17,32879193388.3105,5
1762801347365,3533.07,33119287940.028862,5
1762804959552,3566.46,32700361741.50501,5
1762808596641,3563.71,33263804981.513622,5
1762812109380,3532.15,32581220892.364952,5
1762815826780,3574.97,32768175733.85899,5
1762819356847,3566.05,31527602956.56814,5
1762822947147,3577.8,30454310238.271194,5
1762826522478,3597.77,30541050874.0832,5
1762830064955,3614.65,31221396567.07278,5
1762833760566,3607.15,32231402439.432262,5
1762837307624,3574.97,31788840731.126724,5
1762840973322,3555.16,32480682846.205906,5
1762844562906,3553.96,33553934251.543358,5
1762848050991,3545.38,34542020884.84931,5
1762851717529,3560.49,34267191035.09609,5
1762855413713,3555.91,34847137570.450165,5
1762858933377,3555.87,35000175028.88175,5
1762862618990,3573.38,35493353288.231995,5
1762866156283,3557.91,34643759350.75661,5
1762869722937,3531.96,37268542027.805626,5
1762873258133,3527.67,36284393053.93862,5
1762877013866,3483.01,36075196725.25733,5
1762880461842,3484.04,35739937460.40915,5
1762884104718,3467.0,35279731140.453316,5
1762887730099,3470.86,35552445421.8072,5
1762891267493,3456.04,35245870796.01588,5
1762894877487,3439.12,35280416662.97251,5
1762898522381,3418.91,34221784848.038925,5
1762902090959,3430.41,36193007484.36248,5
1762905771025,3416.07,35964365184.38774,5
1762909362328,3422.26,36643844595.110214,5
1762912906803,3447.74,35776312847.12529,5
1762916536112,3426.94,34894043896.78787,5
1762920128402,3441.81,33592877488.076847,5
1762923664000,3443.68,33024661557.237022,5
1762927351282,3447.44,33577397966.484245,5
1762931194576,3438.44,31669827532.08002,5
1762934561028,3429.35,30621291427.58985,5
1762938131000,3468.22,31602929488.3454,5
1762941782190,3480.16,30541038562.469738,5
1762945331975,3533.33,31877946391.86321,5
1762948922963,3546.73,30936930373.499268,5
1762952528054,3551.5,30727108917.350204,5
1762956153787,3580.29,30060062745.488247,5
1762959757416,3500.89,29865932210.498604,5
1762963267159,3427.21,30410089398.682167,5
1762967001763,3396.78,31124620359.487343,5
1762970536837,3437.14,31757665345.897938,5
1762974143475,3422.79,31741957483.313705,5
1762977774833,3405.34,32906011887.162086,5
1762981323713,3418.88,32489231952.64585,5
1762984959709,3412.33,31800564103.262867,5
1762988510185,3419.9,31541073527.12649,5
1762992084743,3409.61,31722707429.919136,5
1762995695968,3415.59,32412693015.662586,5
1762999296139,3426.7,32985033641.421078,5
1763002927684,3433.01,32466100605.276314,5
1763006617761,3448.55,34283713519.77569,5
1763010111881,3471.15,34081652153.958565,5
1763013693476,3531.2,35103200747.26278,5
1763017234609,3544.37,36805556606.19362,5
1763021096839,3536.04,37503397152.34066,5
1763024457829,3524.61,36779825776.49977,5
1763028133447,3480.67,37846649310.55539,5
1763031730011,3500.83,37670044790.927,5
1763035278235,3503.76,37531871794.88041,5
1763038944412,3500.62,37002375005.13997,5
1763042515581,3440.13,37945431161.34783,5
1763046054217,3447.66,38299274445.440384,5
1763049687115,3371.82,38399908341.13306,5
1763053272616,3324.71,37521341005.18052,5
1763056965489,3266.66,41097259037.49677,5
1763060504668,3198.24,42410431269.008606,5
1763064200069,3191.16,43799906054.333336,5
1763067851054,3180.52,45104416721.819,5
1763071320124,3181.21,45954149194.1512,5
1763075068034,3217.46,47651260461.48931,5
1763078620547,3223.18,48625450123.82115,5
1763082075051,3196.54,48385401992.33884,5
1763086015704,3221.83,47962727391.00457,5
1763089313873,3234.07,49482562793.6361,5
1763092912134,3219.1,48883394765.68381,5
1763096565366,3172.67,49597795002.30009,5
1763100119936,3192.28,49221604335.41401,5
1763103756456,3175.34,50542916444.002075,5
1763107366001,3211.11,51215161598.74768,5
1763111007679,3204.59,51724155521.04259,5
1763114868273,3159.05,50587166307.72224,5
1763118130529,3183.65,51342062999.07758,5
1763121781071,3135.58,52023172632.524506,5
1763125436899,3132.12,53418274900.77304,5
1763128925543,3122.09,53503044583.614624,5
1763132879047,3197.23,55377709226.788445,5
1763136123436,3209.27,56031886979.17243,5
1763139893287,3230.3,53187508235.99822,5
1763143366072,3182.45,50644533697.920845,5
1763146828083,3162.52,49065084225.59463,5
1763150638387,3206.4,47153716633.46287,5
1763154139334,3130.06,46271300971.402245,5
1763157697378,3165.74,45702095335.90068,5
1763161381934,3150.2,45593044513.06792,5
1763164921387,3106.6,45035057857.22528,5
1763168507502,3126.91,44780277346.18947,5
1763172287072,3165.47,43179096502.554306,5
1763175668870,3188.09,43292575417.45552,5
1763179416140,3177.59,42053496387.95067,5
1763182982324,3168.83,40383803448.70758,5
1763186466859,3177.04,39453910250.04899,5
1763190029675,3173.29,37255938770.53802,5
1763193725669,3173.78,35239631265.4489,5
1763197341531,3137.27,35278062987.525055,5
1763200918248,3149.92,34149396542.623543,5
1763204550988,3167.55,33853250655.84723,5
1763208113070,3147.02,32681287250.402077,5
1763211707245,3160.92,30318153178.451374,5
1763215420301,3179.19,28363433127.176258,5
1763218858641,3175.85,24196500198.093994,5
1763222456697,3187.39,22339631553.022846,5
1763226080353,3184.07,20957329302.78003,5
1763229625215,3212.49,21817918384.559063,5
1763233431608,3204.04,22394978902.884064,5
1763236892808,3196.57,21321698891.80209,5
1763240553012,3171.06,20724907327.062405,5
1763244108114,3152.66,20104438184.89777,5
1763247744871,3166.97,20079692602.138966,5
1763251213709,3170.11,19159039393.797318,5
1763254914553,3158.73,18116384688.2908,5
1763258445745,3149.56,18214449529.586437,5
1763262087316,3195.34,18640362007.44712,5
1763265697000,3200.19,18629660964.56542,5
1763269283919,3190.42,18508707596.63473,5
1763272913305,3206.85,18186043195.186287,5
1763276509084,3206.86,18378717083.095592,5
1763280181615,3211.99,18449701633.172962,5
1763283677718,3216.19,18122898286.55863,5
1763287318669,3237.52,18495477231.375656,5
1763290970458,3233.24,18594760448.570732,5
1763294484205,3165.71,19758417329.93696,5
1763298054560,3165.64,20873322641.302525,5
1763301712909,3146.68,21296127451.647507,5
1763305296408,3171.08,21475039400.66714,5
1763309179441,3098.78,21079457650.466072,5
1763312618659,3061.93,24069340890.04588,5
1763316189691,3090.97,24826764684.48634,5
1763320029962,3065.45,26300408412.654346,5
1763323330941,3089.65,26908846245.027,5
1763326898042,3093.21,26874121424.63043,5
1763330518166,3071.1,26879212490.732464,5
1763334154809,3076.14,29019013503.663204,5
1763337737159,3101.69,30332766567.569996,5
1763341288777,3130.94,30960499855.251263,5
1763344892193,3118.41,32072205131.644955,5
1763348587811,3144.31,31654113923.857304,5
1763352031165,3173.73,32505864339.72739,5
1763355833421,3183.14,32868022199.010372,5
1763359458842,3186.02,33065429418.179165,5
1763362876261,3192.37,33649243555.554543,5
1763366458223,3196.92,34203854738.093643,5
1763370015139,3185.46,34727608119.35276,5
1763373671712,3192.14,34854875444.44275,5
1763377259304,3195.17,35310281679.89412,5
1763380881083,3203.55,33496714496.896255,5
1763384513303,3181.94,33871359589.174294,5
1763388185835,3108.1,34013285627.62973,5
1763391750877,3151.04,36702371859.33186,5
1763395367129,3120.4,38844069343.192535,5
1763399015235,3130.14,37539875020.9258,5
1763402466566,3056.18,36839048552.91469,5
1763406115254,3026.96,37078995235.36457,5
1763409722112,2980.38,38752164841.87451,5
1763413334049,3004.16,41368788573.96354,5
1763416924867,2998.46,40938823196.253296,5
1763420559764,3017.85,41017629243.96309,5
1763424100035,3021.3,39723178401.3899,5
1763427647274,3030.97,40125929951.73379,5
1763431334650,3013.63,39284201612.808136,5
1763434898327,3006.11,40837412107.2113,5
1763438510647,3016.11,43548276901.42897,5
1763442090213,3003.18,43955186340.64386,5
1763445951350,3000.14,45048785325.57677,5
1763449308562,2990.94,47542983925.590164,5
1763452889816,3023.17,46416048512.38158,5
1763456516780,3058.1,47618037630.52314,5
1763460168370,3052.04,47662830192.35362,5
1763463668151,3057.93,48798086019.98308,5
1763467417222,3060.91,49926217790.756355,5
1763470872797,3048.53,50309437477.63187,5
1763474566806,3051.78,49973788768.95845,5
1763478079912,3058.06,48647993157.343636,5
1763481696249,3105.19,48293630301.921715,5
1763485313558,3148.9,49114734986.150375,5
1763488912129,3131.49,48491067417.40508,5
1763492508032,3162.49,47634732040.014,5
1763496104390,3139.7,45197143709.253296,5
1763499671076,3122.76,42435319307.23039,5
1763503382323,3098.06,41473850703.13265,5
1763506917732,3123.39,40805878119.95597,5
1763510497375,3117.22,40531057646.65946,5
1763514113599,3097.75,39832013182.97859,5
1763517729465,3101.86,38669748818.99404,5
1763521283061,3119.62,37882659117.12904,5
1763524914415,3072.83,34919999547.706085,5
1763528577991,3048.34,33320609009.64071,5
1763532164163,3009.76,34278534062.342243,5
1763535647476,3038.3,33615249495.038525,5
1763539285401,3082.88,33140154802.96159,5
1763543024113,3078.31,32938676840.545387,5
1763546594733,3084.96,32420720212.618374,5
1763550010970,3088.5,31970858530.88236,5
1763553694659,3080.59,32139520195.987312,5
1763557386632,3095.7,31310399152.881706,5
1763560820008,3062.66,30739961037.132313,5
1763564531098,3049.18,31443122801.14684,5
1763569611000,2956.93,29910323871.00095,5
1762704266745,2.32,2575948491.3620367,6
1762707751621,2.33,2580498140.8389935,6
1762711308297,2.31,2567966218.2217765,6
1762714863492,2.33,2583440368.47609,6
1762718508269,2.34,2647101373.743619,6
1762722390496,2.34,2704027301.4976306,6
1762725718689,2.34,2693869899.3508143,6
1762729261353,2.34,2748974226.4802504,6
1762732976075,2.37,2983765683.3379188,6
1762736878506,2.42,3277075424.738446,6
1762740102349,2.4,3429513796.822026,6
1762743755948,2.42,3520025045.028179,6
1762747323766,2.46,3777914422.2674866,6
1762750958364,2.46,3925607362.4859543,6
1762754509339,2.45,3953164931.024012,6
1762758189985,2.47,4091165183.2849574,6
1762761768182,2.48,4201518967.8383956,6
1762765485881,2.49,4335104964.1156435,6
1762768996355,2.54,4615265244.955245,6
1762772568214,2.54,4798130681.398945,6
1762776099127,2.54,5002212704.032387,6
1762780021946,2.53,5119605329.077911,6
1762783395506,2.56,5184722766.660269,6
1762786873514,2.51,5315759901.342002,6
1762790571902,2.52,5448110186.713629,6
1762794117741,2.53,5617474282.981986,6
1762797736064,2.55,5702184395.815479,6
1762801262548,2.54,5805272389.06214,6
1762804962328,2.56,5819023643.188355,6
1762808449792,2.57,5958126266.840883,6
1762812110636,2.52,6080209165.689109,6
1762815778132,2.53,6122825767.731972,6
1762819357055,2.53,5952577470.307984,6
1762822946993,2.53,5863198474.647546,6
1762826507173,2.54,5823020667.414695,6
1762830067266,2.54,5843925416.527674,6
1762833633542,2.53,5595296439.676832,6
1762837308408,2.5,5528306198.466148,6
1762840952821,2.48,5545511877.593941,6
1762844485784,2.47,5651694172.418831,6
1762848018526,2.45,5603423090.149855,6
1762851721305,2.45,5597291080.953937,6
1762855490836,2.46,5276374631.127533,6
1762858933676,2.46,5139750366.957531,6
1762862622570,2.46,4943617363.830342,6
1762866141344,2.46,4935306850.425692,6
1762869783974,2.45,4891619105.49915,6
1762873303664,2.45,4766363329.040544,6
1762876952203,2.43,4660411632.26066,6
1762880643541,2.43,4481017970.383166,6
1762884104818,2.43,4445738547.892438,6
1762887737630,2.43,4391015484.027837,6
1762891308141,2.42,4356873914.183944,6
1762894917433,2.4,4256987354.644081,6
1762898522422,2.39,4131712613.416868,6
1762902079497,2.41,4157694822.720803,6
1762905676508,2.39,4116673287.9246264,6
1762909351335,2.39,4108990037.638308,6
1762912896943,2.41,4068729568.2862573,6
1762916537760,2.39,4003508946.006585,6
1762920128379,2.4,3954832890.834184,6
1762923611737,2.39,3863753964.1236706,6
1762927297474,2.4,3747165658.2111745,6
1762931187805,2.39,3620086869.98462,6
1762934566206,2.37,3609254073.606344,6
1762938128107,2.41,3627277391.6093936,6
1762941777633,2.42,3732036737.619422,6
1762945286249,2.42,3803134225.668976,6
1762948926583,2.43,3877108037.3764677,6
1762952513349,2.44,3784025413.8011856,6
1762956218519,2.45,3776185630.756985,6
1762959768929,2.41,3650540193.6273484,6
1762963392634,2.37,3889802268.8686447,6
1762966966135,2.34,4095042895.4899235,6
1762970544694,2.35,4219698317.71361,6
1762974023170,2.34,4274297448.1411347,6
1762977658650,2.34,4318238995.242285,6
1762981336423,2.35,4398347213.208571,6
1762984938613,2.39,4435994983.9893055,6
1762988499821,2.38,4371316888.226516,6
1762992094176,2.38,4420961765.056469,6
1762995692165,2.39,4541679925.118688,6
1762999276329,2.4,4558800698.253418,6
1763002933492,2.42,4565114499.743822,6
1763006613217,2.49,5373017021.325889,6
1763010159087,2.47,5233054709.506311,6
1763013693681,2.49,5347348353.025623,6
1763017255028,2.5,5487432245.296493,6
1763020901761,2.49,5590842950.0452,6
1763024516332,2.5,5576581582.461308,6
1763028054612,2.5,5577759103.9811125,6
1763031775992,2.5,5628083857.793184,6
1763035299361,2.49,5633233518.671327,6
1763038969608,2.48,5665480503.122838,6
1763042601386,2.46,5737773570.760329,6
1763046054944,2.5,6010096653.30919,6
1763049624348,2.43,6039776791.720147,6
1763053404915,2.4,5928710154.361346,6
1763056966572,2.36,6032527597.051718,6
1763060472703,2.34,6307490491.00263,6
1763064196952,2.31,6461441580.193211,6
1763067860612,2.3,6738717171.509599,6
1763071318985,2.29,6818162743.8587265,6
1763075068134,2.32,6973475476.548634,6
1763078621006,2.32,7193111620.737252,6
1763082124373,2.3,7270081906.5267,6
1763086006345,2.31,7356856179.709991,6
1763089313613,2.33,7445564539.395583,6
1763092912010,2.31,7161766258.284357,6
1763096562653,2.29,7121482971.283546,6
1763100125270,2.31,7351963839.720855,6
1763103747266,2.29,7294272762.807872,6
1763107344344,2.31,7377972614.911643,6
1763111001033,2.29,7329881410.328914,6
1763114814941,2.28,7136971952.754152,6
1763118122626,2.29,7230906431.9339485,6
1763121775552,2.26,7257296887.476244,6
1763125386598,2.28,7749204746.54413,6
1763128924017,2.27,7901104581.130668,6
1763132871234,2.3,7928236382.349824,6
1763136162780,2.32,7903379134.615828,6
1763139892821,2.33,7722121987.378332,6
1763143320241,2.31,7743014522.37005,6
1763147032296,2.29,7485903776.092693,6
1763150626410,2.31,7292626507.356034,6
1763154131812,2.27,7074003450.088711,6
1763157713572,2.27,6977585641.640254,6
1763161356620,2.26,6781771087.294633,6
1763164842250,2.24,6698400743.135106,6
1763168483732,2.26,6596615005.9194975,6
1763172290198,2.27,6474680476.506663,6
1763175702984,2.29,6371045703.57299,6
1763179365976,2.29,6187822167.423695,6
1763182991929,2.28,5859339452.616713,6
1763186620207,2.28,5825791172.161971,6
1763190175509,2.28,5663539089.466876,6
1763193780524,2.28,5531579817.356277,6
1763197344878,2.25,5502230629.740237,6
1763200918299,2.26,5401348534.780233,6
1763204423643,2.26,5232778684.89961,6
1763208117488,2.25,5130593025.36844,6
1763211712344,2.26,4679543297.780368,6
1763215311107,2.26,4372862072.127883,6
1763219049589,2.26,3993804167.0911674,6
1763222442103,2.25,3738221174.6945825,6
1763226083817,2.25,3534121709.0830173,6
1763229810098,2.26,3346651302.333468,6
1763233423889,2.25,3341713997.4469943,6
1763236892831,2.25,3206508047.9303026,6
1763240555987,2.24,3045859177.6517076,6
1763244107642,2.22,3005882665.6489854,6
1763247744676,2.24,2947002556.7935524,6
1763251284486,2.24,2804052321.7763157,6
1763254914594,2.22,2855935402.4997272,6
1763258554204,2.21,2902901608.8792434,6
1763262084552,2.24,2991971204.5336375,6
1763265693332,2.25,2965748817.803755,6
1763269294371,2.24,2948655792.910978,6
1763272922222,2.26,2944405883.5632706,6
1763276552047,2.27,2920601265.6881757,6
1763280183698,2.26,2889172165.1396008,6
1763283664190,2.26,2902822849.3398438,6
1763287261337,2.27,2805044283.0957804,6
1763290950405,2.27,2849926911.5424385,6
1763294473939,2.23,2934532101.4411254,6
1763298060470,2.24,3003215794.1662736,6
1763301717829,2.21,3042349926.5974026,6
1763305297728,2.22,3051229153.328836,6
1763309193381,2.19,3185610625.3642926,6
1763312584868,2.17,3286197062.84813,6
1763316183215,2.18,3489043593.9074655,6
1763320028475,2.19,3711921516.5962033,6
1763323334720,2.22,3848718877.2543917,6
1763327184213,2.2,3851764647.5422974,6
1763330517826,2.19,3822677067.195085,6
1763334155226,2.2,3965052656.744494,6
1763337739837,2.22,4122565537.6581736,6
1763341300091,2.23,4192083115.741395,6
1763344895229,2.23,4144338793.1452475,6
1763348463208,2.24,4129899490.983541,6
1763352165515,2.25,4186254323.3269854,6
1763355671880,2.25,4250031279.1372113,6
1763359312703,2.25,4274391976.8560624,6
1763362909908,2.26,4347862912.952726,6
1763366470421,2.26,4191127931.9742455,6
1763370040372,2.27,4344252515.68356,6
1763373776564,2.27,4281996699.1062245,6
1763377284693,2.27,4399275358.901118,6
1763380912917,2.27,4355920570.190448,6
1763384513666,2.26,4347453678.037161,6
1763388174208,2.21,4457953158.15331,6
1763391739594,2.25,5015828779.934996,6
1763395323424,2.21,5228273318.115195,6
1763399001335,2.21,5302219659.753727,6
1763402546355,2.16,5326159658.958897,6
1763406115792,2.16,5446259776.903227,6
1763409725698,2.12,5600872617.534416,6
1763413359765,2.14,5852377259.074119,6
1763416916531,2.14,6046555660.389542,6
1763420560386,2.16,6006014827.666725,6
1763424095058,2.16,5961092428.323819,6
1763427610549,2.15,5927429451.752748,6
1763431312003,2.14,6002068580.147386,6
1763434899366,2.14,6696709476.639091,6
1763438506288,2.16,6425721075.109496,6
1763442093840,2.15,6574114186.539887,6
1763445955314,2.15,6697517294.035082,6
1763449328517,2.14,7199536382.429516,6
1763452864304,2.16,6859782697.979003,6
1763456512994,2.19,6969761330.137046,6
1763460053646,2.18,7022112234.703697,6
1763463712767,2.19,7068442860.580978,6
1763467356006,2.18,7103457126.090553,6
1763470880223,2.18,7190651812.192358,6
1763474566562,2.18,7857331990.132698,6
1763478076203,2.17,6778980716.31938,6
1763481743142,2.21,6934199008.478829,6
1763485311496,2.22,6845473551.933796,6
1763488911740,2.22,6755432707.589406,6
1763492508168,2.23,6424239358.476031,6
1763496109427,2.22,6142717066.227927,6
1763499665562,2.23,5926178491.846949,6
1763503374015,2.21,5739731531.525275,6
1763506869042,2.22,5676299378.447967,6
1763510506356,2.21,5619054259.061808,6
1763514012094,2.21,5526319412.063743,6
1763517637502,2.2,5408206835.990276,6
1763521310894,2.21,5138796014.586231,6
1763524914117,2.18,4819543589.485363,6
1763528554431,2.17,4713760207.794088,6
1763532166352,2.14,4765485182.533004,6
1763535627840,2.15,4716316283.899854,6
1763539285559,2.17,4600053885.5614,6
1763542820181,2.15,4606218734.523357,6
1763546585170,2.14,4662855344.934311,6
1763550115984,2.13,4641055978.349688,6
1763553688703,2.14,4570812357.24703,6
1763557223816,2.14,4585669914.940518,6
1763561014906,2.12,4494801808.896007,6
1763564514265,2.12,4550119310.920829,6
1763569631000,2.09,4452412843.011262,6
1762707743672,162.89,3966879583.728956,7
1762711308347,161.65,3984777302.3483286,7
1762714882988,163.72,4021414844.830884,7
1762718563446,165.53,4229703930.0474086,7
1762722389396,165.43,4349777190.466404,7
1762725722312,164.71,4386024524.200692,7
1762729331981,165.42,4483289973.864245,7
1762732936602,164.27,4600362342.428592,7
1762736865741,167.8,4889560513.240392,7
1762740053954,167.16,5122750580.22655,7
1762743741589,167.04,5168383211.888071,7
1762747323791,167.97,5261065814.258012,7
1762750941505,168.05,5303159243.363337,7
1762754581513,167.41,5333580055.378151,7
1762758224372,167.15,5369280506.483387,7
1762761738595,167.42,5314239358.850718,7
1762765493584,166.61,5357957097.751926,7
1762769034528,169.35,5517410405.549908,7
1762772576544,168.32,5600122409.811492,7
1762776271274,168.25,5602331157.329277,7
1762780005385,168.33,5670624002.825276,7
1762783395616,169.73,5733818190.442387,7
1762786893120,165.98,5492505807.675621,7
1762790562250,165.97,5544186693.4360285,7
1762794122338,166.02,5628829682.654791,7
1762797730135,167.81,5710718761.088176,7
1762801342946,166.58,5751545096.104384,7
1762804964134,167.48,5616068732.285208,7
1762808600490,167.57,5576419253.147101,7
1762812111552,165.2,5593267669.749186,7
1762815796190,167.35,5653691519.854389,7
1762819319157,167.38,5558136469.523835,7
1762822955055,166.69,5342570526.261681,7
1762826490055,167.94,5422545212.2348,7
1762830065352,170.1,5585792689.412903,7
1762833665405,169.89,5623912406.892927,7
1762837293860,167.02,5736863334.446891,7
1762840951148,165.62,5762712281.714391,7
1762844565475,164.28,5918382813.7402935,7
1762848254635,164.14,6003930193.489824,7
1762851717868,164.16,5998255774.746456,7
1762855393334,164.01,5970699236.947145,7
1762858933715,163.43,5996062060.33966,7
1762862490768,163.4,6018476138.270539,7
1762866180781,163.43,6005277831.6619005,7
1762869629011,162.92,5942608453.1865,7
1762873260503,162.25,6015148016.765479,7
1762877016578,160.83,6080071233.026487,7
1762880465402,160.63,6039831176.22084,7
1762884063263,159.38,6048329731.663041,7
1762887730939,159.1,6013297934.8531,7
1762891315250,158.02,5986053570.774412,7
1762894922303,156.52,5976862224.148045,7
1762898443238,156.05,6002043602.753105,7
1762902107610,156.87,6034577749.176905,7
1762905794507,154.66,6147831536.860157,7
1762909369323,154.15,6242336448.13791,7
1762912906234,155.2,6134496277.715998,7
1762916536274,154.24,6009925408.008332,7
1762920131528,154.74,5882626868.326906,7
1762923700032,154.48,5780448776.940712,7
1762927294726,155.42,5674398859.494476,7
1762931203827,155.98,5521376693.507066,7
1762934513372,155.41,5466549905.0043335,7
1762938129725,157.83,5688696027.767454,7
1762941800106,158.03,5752534100.687851,7
1762945287646,160.08,5802097834.283065,7
1762948926891,159.85,5899688240.201365,7
1762952529931,159.76,5989121504.277942,7
1762956153906,160.68,5999713008.5955305,7
1762959757685,158.35,5888061992.272855,7
1762963371386,155.72,5671441789.944927,7
1762966987411,152.87,5899939459.568074,7
1762970546715,153.39,5942027636.999403,7
1762974143673,153.22,5988872667.328295,7
1762977641073,153.21,6169914924.9406395,7
1762981323904,153.71,6170315791.583714,7
1762984961398,153.94,6085669497.148804,7
1762988489238,153.71,6020440754.211149,7
1762992061846,153.26,5886067748.38089,7
1762995699197,153.03,5906748564.087221,7
1762999276798,152.65,5905036883.403324,7
1763002926631,152.89,5843991706.204598,7
1763006607412,154.38,6108934195.346163,7
1763010160509,154.11,6227310071.991329,7
1763013676477,156.15,6226796935.360706,7
1763017446773,156.86,6303882352.9024725,7
1763021061323,155.14,6363090221.211337,7
1763024508608,155.93,6197338317.46753,7
1763028059883,154.87,6128507387.31409,7
1763031776480,155.31,6031546637.9413,7
1763035280248,156.31,5946656158.765544,7
1763038923439,156.41,5848393989.223594,7
1763042601918,153.84,5888352410.033823,7
1763046057161,155.41,5937374270.247681,7
1763049683773,152.81,5870525387.513945,7
1763053267835,151.04,5610451909.422172,7
1763056966717,147.91,5780060795.964693,7
1763060520347,144.95,6144196868.238893,7
1763064200112,142.53,6329348702.080451,7
1763067840345,142.63,6691156768.013607,7
1763071336033,142.05,6878051392.223386,7
1763075068960,144.14,7081167362.326729,7
1763078615615,144.6,7320956526.904868,7
1763082129589,143.35,7429328170.446743,7
1763086006485,144.1,7491559112.511327,7
1763089311095,144.92,7543903029.670742,7
1763092916901,143.98,7331478570.244915,7
1763096559589,141.99,7710460913.669364,7
1763100125559,142.96,7898314866.23602,7
1763103748392,141.46,7929275473.516547,7
1763107363627,142.74,8168118506.447477,7
1763111008452,142.35,8276629162.877887,7
1763114868408,141.0,8309764506.683181,7
1763118124792,142.19,8403983190.70155,7
1763121776611,140.25,8571010399.225864,7
1763125426621,138.65,9142258672.395748,7
1763128906371,138.17,9517937454.79614,7
1763132836515,141.41,9998033273.882645,7
1763136149301,142.68,10190933068.570581,7
1763139892672,143.45,10262309405.877592,7
1763143320416,141.31,10022169275.850904,7
1763146846356,141.08,9611898703.825031,7
1763150641455,142.9,9282398986.336622,7
1763154173147,139.7,8927070532.980066,7
1763157731916,140.45,8811184745.032831,7
1763161339680,140.54,8696647552.32913,7
1763164921457,139.0,8537259511.224628,7
1763168488390,140.66,8434975388.69802,7
1763172289342,141.78,8339944759.789507,7
1763175743024,142.63,8414239984.733055,7
1763179397744,142.53,8335230443.062139,7
1763182995385,142.27,7809970367.160022,7
1763186620702,142.78,7603499957.104569,7
1763190250717,142.49,7369864249.359379,7
1763193760569,142.54,7127904887.680488,7
1763197341989,140.76,6965627655.976237,7
1763200919066,140.91,6852845787.245202,7
1763204542428,141.19,6758630834.131675,7
1763208113532,139.99,6461868655.027617,7
1763211721340,140.56,5869440891.757023,7
1763215402107,141.27,5359401773.697022,7
1763218998414,141.34,4642340740.781034,7
1763222458147,141.82,4294427504.9460278,7
1763226081452,142.58,4013325330.5946407,7
1763229631219,143.26,4020857118.4242644,7
1763233332881,142.4,3949919382.0746446,7
1763236893099,141.76,3808075197.986307,7
1763240555985,140.67,3716584946.7168818,7
1763244099557,138.84,3643572753.7749434,7
1763247744908,139.58,3658463392.675859,7
1763251274060,139.59,3515375946.078547,7
1763254914727,139.45,3463735930.1308484,7
1763258422364,138.42,3481988210.1953063,7
1763262091213,140.37,3491312274.0255847,7
1763265694836,141.2,3458696919.050688,7
1763269294719,141.0,3429593934.0557203,7
1763272907511,141.55,3433171366.4185185,7
1763276552372,141.99,3387254143.834545,7
1763280184138,141.82,3362001377.4752707,7
1763283725072,142.05,3331954881.9404263,7
1763287323159,142.76,3332393309.973657,7
1763290961749,142.84,3342368539.4806275,7
1763294486627,139.81,3480784299.252911,7
1763298016880,140.32,3579243505.298221,7
1763301712620,139.21,3597189578.420026,7
1763305357641,140.27,3586889211.3879895,7
1763309195194,137.74,3639899875.397737,7
1763312620331,135.75,3941310101.758765,7
1763316178632,135.75,4063889806.7756133,7
1763320029979,135.84,4325292156.051198,7
1763323296245,136.84,4481092961.859809,7
1763327115203,136.67,4481072005.656159,7
1763330413453,136.15,4521364746.922883,7
1763334157160,137.03,4614459364.771534,7
1763337742748,137.5,4915090778.811192,7
1763341289125,139.02,5106714099.492202,7
1763344896063,138.52,5138046902.42636,7
1763348474547,138.7,5180484424.1009035,7
1763352058929,140.04,5281785902.905019,7
1763355691679,140.3,5354055758.476041,7
1763359312797,140.52,5369122222.600227,7
1763362814079,140.96,5437983016.227408,7
1763366470443,141.32,5463631064.849404,7
1763370131411,141.1,5598033590.5915,7
1763373664049,141.93,5698251487.57416,7
1763377284126,142.17,5706385277.210444,7
1763380924609,142.02,5598214231.538884,7
1763384513733,141.85,5563535364.171988,7
1763388053847,137.8,5776007240.368757,7
1763391754234,140.23,6238929924.969664,7
1763395286226,137.28,6679038665.842665,7
1763399001685,135.35,6831418917.263358,7
1763402475911,132.0,6888610255.131548,7
1763406114803,131.0,6971667244.122886,7
1763409727230,129.75,7279295568.982315,7
1763413347540,130.16,7573412115.349099,7
1763416923529,130.26,7685150018.538701,7
1763420560930,131.24,7721542389.685477,7
1763424097020,130.69,7514441110.728822,7
1763427667131,131.06,7496822869.423588,7
1763431331097,131.58,7540120287.943075,7
1763434899636,133.23,8062027770.470324,7
1763438510699,134.54,8276567366.007643,7
1763442092066,134.06,8497314406.56843,7
1763445876297,135.7,8894165558.844772,7
1763449325507,135.73,9406866752.867222,7
1763452918139,136.89,9445387735.633945,7
1763456520651,137.62,9561931700.07968,7
1763460154195,137.59,9608482327.154955,7
1763463714454,137.75,9701304429.059639,7
1763467213423,137.83,9742412899.914055,7
1763470869483,137.86,10013358624.819645,7
1763474449974,138.03,9888488724.903368,7
1763478077401,137.81,9413554274.273127,7
1763481748901,139.7,9465874761.988115,7
1763485313002,140.9,9289418666.704273,7
1763488912189,140.2,8972357361.313892,7
1763492509093,141.45,8697035852.437012,7
1763496123355,141.06,8265780604.411286,7
1763499665526,141.67,8023381017.188201,7
1763503382928,139.76,7844812312.789626,7
1763506917860,141.32,7834750273.107873,7
1763510498762,140.6,7721886683.591121,7
1763514108567,141.18,7642241864.235938,7
1763517713052,140.18,7590491232.88419,7
1763521283297,141.99,7419101426.2529125,7
1763524914604,139.8,6890646772.8233185,7
1763528579429,138.74,6672647271.00035,7
1763532166439,137.77,6594118971.632857,7
1763535648814,138.96,6352208461.993202,7
1763539286085,140.52,6143711763.837734,7
1763542871975,139.92,5984476487.207276,7
1763546591969,139.54,5904349845.00196,7
1763550011208,139.47,5795741348.201482,7
1763553695496,138.56,5744863191.23511,7
1763557386943,138.75,5663981140.611093,7
1763560839555,137.15,5728065080.185131,7
1763564531134,137.08,5638953660.007226,7
1763568061317,134.48,5394080076.464353,7
1763569654000,134.26,5449839422.519059,7
1762707752141,1.0,69911441290.95335,8
1762711265501,1.0,69410989826.47845,8
1762715315416,1.0,69930247078.4285,8
1762718533469,1.0,71423890258.55824,8
1762722362357,1.0,73432314835.10088,8
1762725712482,1.0,73872295896.6479,8
1762729324036,1.0,76061453087.41338,8
1762732915423,1.0,79213818683.01474,8
1762736812673,1.0,84738798497.55345,8
1762740140278,1.0,89208496619.27675,8
1762743742630,1.0,90298841177.78683,8
1762747213348,1.0,90907109302.0577,8
1762750959715,1.0,92514583215.18607,8
1762754588576,1.0,93539173308.00153,8
1762758224604,1.0,94751425569.07384,8
1762761777800,1.0,96678085284.412,8
1762765487995,1.0,99683532749.61433,8
1762768992218,1.0,101549282455.83376,8
1762772583483,1.0,101501237128.49149,8
1762776177789,1.0,101548649738.03482,8
1762779966905,1.0,102476633648.28313,8
1762783388367,1.0,103381237787.73592,8
1762786953317,1.0,101831553975.85497,8
1762790534334,1.0,108821568820.85245,8
1762794104980,1.0,110747792905.45949,8
1762797660744,1.0,115869047756.81062,8
1762801350366,1.0,117294795000.93468,8
1762804922406,1.0,116615220618.17891,8
1762808605614,1.0,117645983355.86821,8
1762812109413,1.0,118726244736.21588,8
1762815741014,1.0,121049497894.53336,8
1762819358115,1.0,118670693303.9602,8
1762822962363,1.0,115750918093.2731,8
1762826518547,1.0,117451523678.75005,8
1762830043952,1.0,120733200882.65645,8
1762833723757,1.0,121817883803.33826,8
1762837310120,1.0,120849542148.13263,8
1762840978233,1.0,120048540064.37868,8
1762844510541,1.0,122698535254.15216,8
1762848090415,1.0,124524401622.2968,8
1762851721761,1.0,123836939394.51733,8
1762855429173,1.0,123853097908.9334,8
1762858934218,1.0,124077596200.92897,8
1762862494990,1.0,124021382039.53778,8
1762866156457,1.0,124253755709.90767,8
1762869739038,1.0,127371202696.49622,8
1762873284150,1.0,124525132866.85707,8
1762876949534,1.0,121553837665.9558,8
1762880651379,1.0,118777964822.99632,8
1762884076154,1.0,116645629538.78711,8
1762887676571,1.0,116360900045.85916,8
1762891309548,1.0,115085399122.00035,8
1762894881022,1.0,113276603145.39328,8
1762898441597,1.0,112122962234.43779,8
1762902103307,1.0,111434942981.2371,8
1762905730197,1.0,110949210288.90015,8
1762909363648,1.0,110826061918.7742,8
1762913073997,1.0,107558817292.80354,8
1762916536164,1.0,104776750983.25354,8
1762920129582,1.0,102747188035.43517,8
1762923791045,1.0,101170889217.32465,8
1762927292370,1.0,100686667017.37671,8
1762931056434,1.0,97272087409.76079,8
1762934543861,1.0,96407813571.42587,8
1762938088600,1.0,97950150008.03297,8
1762941795161,1.0,99233052707.09601,8
1762945314433,1.0,100650782545.36258,8
1762948911297,1.0,101334047267.91093,8
1762952521546,1.0,99256117766.99225,8
1762956135519,1.0,94785190098.33507,8
1762959782916,1.0,93768700299.69466,8
1762963227921,1.0,95166310850.13818,8
1762966984927,1.0,99559482138.29668,8
1762970649848,1.0,100263299884.9691,8
1762974028027,1.0,99688418219.34656,8
1762977749624,1.0,101665843934.66936,8
1762981323830,1.0,101760583787.8778,8
1762984952060,1.0,100618538286.35,8
1762988563059,1.0,99583673908.85976,8
1762992120152,1.0,99091452974.56438,8
1762995700296,1.0,99552128919.82486,8
1762999276796,1.0,100892687701.51091,8
1763002917258,1.0,100025464943.88097,8
1763006582888,1.0,103704523663.55553,8
1763010066266,1.0,105906037993.38098,8
1763013691424,1.0,106519377845.64629,8
1763017257156,1.0,109238969865.37921,8
1763020826708,1.0,110777975321.45854,8
1763024458374,1.0,109715524295.84814,8
1763028200962,1.0,109318221152.02611,8
1763031744751,1.0,108285830609.48657,8
1763035278267,1.0,107253975025.43053,8
1763038957851,1.0,107233804288.90475,8
1763042568167,1.0,108330560997.55084,8
1763046052220,1.0,111035223541.14517,8
1763049714180,1.0,109405328815.43163,8
1763053346243,1.0,109559122716.34341,8
1763056940550,1.0,114390331986.47105,8
1763060465605,1.0,123500794739.05023,8
1763064184478,1.0,127137827740.81946,8
1763067799479,1.0,131935719329.61319,8
1763071310218,1.0,134016942916.10492,8
1763075013126,1.0,137175314168.18028,8
1763078533813,1.0,139649398500.2637,8
1763082116335,1.0,142039267894.7283,8
1763086007875,1.0,143387132748.5011,8
1763089305265,1.0,145109102458.94708,8
1763092915098,1.0,142717724221.45218,8
1763096469593,1.0,146850812256.27762,8
1763100052702,1.0,149662941651.87973,8
1763103750158,1.0,151538427275.39944,8
1763107299382,1.0,155295025295.77563,8
1763111014483,1.0,156754958199.855,8
1763114870349,1.0,155854996980.65927,8
1763118122449,1.0,156372141029.6209,8
1763121768873,1.0,158918327241.28848,8
1763125407841,1.0,168202474741.34375,8
1763128920778,1.0,172920296746.88754,8
1763132806649,1.0,177404802310.6225,8
1763136147955,1.0,178494448820.52438,8
1763139619307,1.0,175540471430.10977,8
1763143423706,1.0,168947834753.04907,8
1763147029366,1.0,160802748644.70978,8
1763150647741,1.0,157350045196.62555,8
1763154176200,1.0,154456351275.18713,8
1763157730162,1.0,154643688044.19553,8
1763161360958,1.0,152923274231.91003,8
1763164925583,1.0,152509213595.10242,8
1763168555403,1.0,150785880747.4197,8
1763172287085,1.0,148815227824.30344,8
1763175669577,1.0,148799343011.22833,8
1763179403367,1.0,149544165353.37842,8
1763182993141,1.0,142466664729.12863,8
1763186621075,1.0,138834280290.51947,8
1763190025207,1.0,134440405141.85634,8
1763193728048,1.0,129390786480.84058,8
1763197380289,1.0,126993882505.1947,8
1763200899722,1.0,125347226063.6452,8
1763204551457,1.0,124451761974.96645,8
1763208119633,1.0,120300481316.31567,8
1763211825608,1.0,108574416437.96182,8
1763215342383,1.0,102675962388.44508,8
1763219050119,1.0,92199683831.09006,8
1763222481301,1.0,87024911039.22221,8
1763226089679,1.0,82870586066.50732,8
1763229639981,1.0,82611962706.85788,8
1763233261012,1.0,80969496649.22308,8
1763236876856,1.0,77606286870.00569,8
1763240508290,1.0,74509001532.35324,8
1763244102093,1.0,72736227635.9505,8
1763247685387,1.0,71117073208.56006,8
1763251276304,1.0,67821753541.56786,8
1763254871356,1.0,65542386713.07253,8
1763258431717,1.0,65101292426.60128,8
1763262013836,1.0,66108507786.00964,8
1763265686659,1.0,63740879313.47493,8
1763269348891,1.0,63148241413.03003,8
1763273021586,1.0,62826698855.53298,8
1763276481098,1.0,61959137260.24133,8
1763280128015,1.0,61952172971.4566,8
1763283684502,1.0,60960038111.465996,8
1763287303706,1.0,61205634273.20913,8
1763291009321,1.0,62633888191.10754,8
1763294492642,1.0,65432562393.74491,8
1763298025632,1.0,67755957972.07754,8
1763301678870,1.0,68351743032.13205,8
1763305456039,1.0,68058557522.522194,8
1763309197963,1.0,70208577501.35791,8
1763312609893,1.0,75775385207.25955,8
1763316025920,1.0,78064104819.05054,8
1763319958457,1.0,84911507958.34544,8
1763323325867,1.0,87661485527.70052,8
1763326890760,1.0,88012808180.20247,8
1763330516478,1.0,90247799018.67947,8
1763334158569,1.0,94085422106.19461,8
1763337633312,1.0,100303317657.71997,8
1763341272762,1.0,105001964515.7269,8
1763344906594,1.0,105409232297.64677,8
1763348571812,1.0,105532061170.0095,8
1763352051933,1.0,106772849503.62761,8
1763355615807,1.0,108822714582.23753,8
1763359296109,1.0,109247293797.16006,8
1763362903672,1.0,110231402723.9122,8
1763366470494,1.0,112058662560.1665,8
1763370041797,1.0,113490660562.8352,8
1763373663314,1.0,114357285202.52188,8
1763377279067,1.0,113723496253.21802,8
1763380924019,1.0,112350001718.1475,8
1763384506632,1.0,111070697928.43575,8
1763388151478,1.0,113446902289.51251,8
1763391669585,1.0,123106844512.12454,8
1763395260754,1.0,125761076782.2031,8
1763398890251,1.0,126867426988.90631,8
1763402579026,1.0,125041950995.9241,8
1763406113160,1.0,125499686845.74359,8
1763409720188,1.0,131295118896.04996,8
1763413288779,1.0,138255949455.8128,8
1763416927044,1.0,139296503920.83478,8
1763420558135,1.0,138324486484.91003,8
1763424095883,1.0,135917954775.0746,8
1763427613527,1.0,136045458490.09409,8
1763431260140,1.0,137265939560.02678,8
1763434862746,1.0,141387401337.01935,8
1763438468855,1.0,149663424719.83932,8
1763442090439,1.0,154158853911.61612,8
1763445874173,1.0,156786168643.22256,8
1763449338921,1.0,158592110986.6824,8
1763452866025,1.0,161790072575.6288,8
1763456488823,1.0,164724555321.29846,8
1763460173103,1.0,165894664731.92593,8
1763463652495,1.0,167609972034.8014,8
1763467377182,1.0,168565841127.2678,8
1763470865365,1.0,169006659656.09937,8
1763474556414,1.0,167539381683.2381,8
1763478071456,1.0,162657366632.4692,8
1763481699939,1.0,165506696346.46567,8
1763485310239,1.0,166307632846.91788,8
1763488908298,1.0,164014358416.1585,8
1763492502602,1.0,159285960916.66068,8
1763496088091,1.0,150504883214.2088,8
1763499672837,1.0,144216598831.2053,8
1763503346891,1.0,141042596823.89362,8
1763506912549,1.0,139016952309.66428,8
1763510505443,1.0,136521665982.94324,8
1763514163452,1.0,132812815893.56677,8
1763517707968,1.0,131137608656.87512,8
1763521310922,1.0,126163189193.02959,8
1763524907329,1.0,117506590059.92458,8
1763528488613,1.0,111641711031.58781,8
1763532063308,1.0,112023810898.01396,8
1763535760751,1.0,110886920511.90254,8
1763539262329,1.0,108473632582.92947,8
1763542831167,1.0,105964244084.18005,8
1763546595263,1.0,104191691364.27847,8
1763550016322,1.0,103328543816.22438,8
1763553679537,1.0,101619970305.32288,8
1763557339023,1.0,100336618044.89746,8
1763560820288,1.0,99484953621.87679,8
1763564481003,1.0,97806233818.59576,8
1763568067246,1.0,97952048815.12964,8
1763569678000,1.0,97852720214.40045,8
1762707752305,0.29,375783421.67794484,9
1762711308551,0.29,380803697.9177325,9
1762715318107,0.29,387496589.86218,9
1762718496296,0.29,385338664.5793326,9
1762722362712,0.29,392577038.1182823,9
1762725704631,0.29,388396848.6177937,9
1762729214597,0.29,399716638.76758426,9
1762732917844,0.29,412363165.95032716,9
1762736885167,0.29,442514844.7677017,9
1762740098117,0.29,462837302.3187615,9
1762743784876,0.29,447669517.8235079,9
1762747224976,0.29,463120607.7310389,9
1762750979167,0.29,470534326.5859052,9
1762754594639,0.29,527979119.6964965,9
1762758224661,0.29,536110601.05533075,9
1762761721357,0.29,544409884.5532627,9
1762765338425,0.29,550835921.698827,9
1762768946120,0.29,542712935.920802,9
1762772555739,0.29,545732541.9725994,9
1762776119131,0.29,543035316.9949125,9
1762779673432,0.29,548654706.8890142,9
1762783318725,0.29,549516324.6076058,9
1762786867060,0.29,550085782.5062962,9
1762790519046,0.29,568098471.6649234,9
1762794085273,0.29,564247078.5128747,9
1762797729845,0.29,566734142.0504122,9
1762801276685,0.29,567497922.860662,9
1762804923245,0.3,584238801.8465731,9
1762808607520,0.3,571514136.1087824,9
1762812107714,0.29,578814808.963485,9
1762815711770,0.3,582582164.2982388,9
1762819266743,0.3,583796739.8671433,9
1762822914366,0.3,579394486.895272,9
1762826494856,0.3,570688747.2373672,9
1762830143094,0.3,586645656.6319035,9
1762833636178,0.3,570466453.5442414,9
1762837355915,0.3,573919402.5633124,9
1762840946883,0.3,533092071.41230637,9
1762844673081,0.3,535586590.3156732,9
1762848251918,0.3,543562422.5846949,9
1762851773647,0.3,558325461.215051,9
1762855366885,0.3,564999153.1558311,9
1762858980813,0.3,574326376.1846629,9
1762862498202,0.3,589132237.1533544,9
1762866243341,0.3,605342927.819786,9
1762869717648,0.3,619834869.3666186,9
1762873389638,0.3,620629964.3290329,9
1762876891937,0.3,627483094.0748186,9
1762880645607,0.3,649052103.6887876,9
1762884100657,0.3,651757996.5668653,9
1762887708884,0.3,669499937.5540617,9
1762891310375,0.3,674171892.0181936,9
1762894940803,0.3,699050725.4714463,9
1762898518469,0.3,714589113.019365,9
1762902084480,0.3,721012788.5410756,9
1762905696041,0.3,732122724.1504567,9
1762909353185,0.3,751674189.3488147,9
1762912867735,0.3,757225556.5489708,9
1762916526748,0.3,745390257.9960206,9
1762920130728,0.3,744262940.3432047,9
1762923688143,0.3,751572097.5334927,9
1762927283995,0.3,740873626.9084784,9
1762931230540,0.3,743381395.8943002,9
1762934462272,0.3,732319066.3582869,9
1762938119156,0.3,724027119.5892391,9
1762941746193,0.3,723710318.5778639,9
1762945316572,0.3,735928114.1309065,9
1762948911984,0.3,725816163.9112266,9
1762952503359,0.3,718739158.7458916,9
1762956128710,0.3,706919261.8429974,9
1762959666248,0.3,695810563.0255013,9
1762963241477,0.3,719923994.6269572,9
1762966822678,0.3,732314583.146561,9
1762970522991,0.3,738682350.5601873,9
1762974110298,0.3,731125109.334911,9
1762977614636,0.29,748294899.3433121,9
1762981302727,0.3,731416769.5598351,9
1762984941099,0.3,741665570.3657211,9
1762988652374,0.3,722367552.658827,9
1762992064851,0.29,704549843.1180321,9
1762995989134,0.29,662845929.6466663,9
1762999302879,0.29,657170648.3960662,9
1763002896687,0.29,638176133.6885154,9
1763006583015,0.29,664989616.8646774,9
1763010014914,0.3,675825739.5483309,9
1763013692215,0.3,684698872.8914131,9
1763017438924,0.3,701517249.0637946,9
1763020869001,0.3,712641728.6389813,9
1763024429792,0.3,720407285.1065192,9
1763028146756,0.3,723671430.2877097,9
1763031731717,0.3,705966888.1491691,9
1763035279413,0.3,709258700.0038743,9
1763039015293,0.3,695593825.3627672,9
1763042590578,0.3,694120695.025853,9
1763046152092,0.3,722820791.7013581,9
1763049660774,0.3,719864655.1022515,9
1763053264411,0.3,725059103.7004516,9
1763056941002,0.29,747327447.3181312,9
1763060472452,0.29,797811156.6451164,9
1763064189056,0.29,818481655.2031738,9
1763067752674,0.29,849272078.0091997,9
1763071315495,0.29,872199276.8665733,9
1763074944876,0.29,882206473.2334193,9
1763078548457,0.29,905569661.7173705,9
1763082119416,0.29,921955496.661166,9
1763086008729,0.29,938061263.5787389,9
1763089316871,0.29,957995187.1957097,9
1763092897497,0.29,932193233.7733067,9
1763096546378,0.29,963599828.206724,9
1763100138000,0.29,1002623514.3849167,9
1763103684616,0.29,1024518388.6964631,9
1763107309247,0.29,1039353849.0838351,9
1763110891690,0.29,1042611970.7389183,9
1763114754344,0.29,1041108793.4509305,9
1763118126484,0.29,1048189311.3287293,9
1763121645260,0.29,1090743794.3676708,9
1763125428369,0.29,1165594542.7812645,9
1763128898216,0.29,1216132633.2669191,9
1763132869830,0.29,1288310140.8419232,9
1763136124699,0.3,1289706850.608893,9
1763139883518,0.3,1280847916.84507,9
1763143320227,0.3,1285039159.7020707,9
1763146967723,0.29,1250802490.083763,9
1763150511718,0.3,1211726876.5154965,9
1763154111505,0.29,1208155260.8364258,9
1763157735220,0.29,1201869900.1008236,9
1763161328995,0.29,1197331372.2830853,9
1763164923027,0.29,1221190828.6991367,9
1763168489421,0.29,1226907282.9873405,9
1763172284995,0.29,1229095312.829771,9
1763175681100,0.29,1223514289.6955779,9
1763179279187,0.29,1213125092.158723,9
1763182957011,0.29,1170176141.6819437,9
1763186477735,0.29,1133598945.5476696,9
1763190257783,0.29,1093644951.787827,9
1763193660491,0.29,1071808239.3603934,9
1763197296250,0.29,1073028490.723963,9
1763200876831,0.29,1056316391.4320734,9
1763204559425,0.29,1056187620.1323426,9
1763208103729,0.29,1029489219.6139923,9
1763211842690,0.29,958848246.222153,9
1763215332100,0.29,910755946.4583073,9
1763219035892,0.29,798460740.3304167,9
1763222543349,0.29,766743744.2805407,9
1763226082203,0.29,731161659.584648,9
1763229818349,0.29,704015461.2062337,9
1763233320182,0.29,684425590.2284373,9
1763236874866,0.29,653593067.7576538,9
1763240557894,0.29,618168467.1210654,9
1763244087799,0.29,600455615.2691156,9
1763247707238,0.29,580737991.5102085,9
1763251297900,0.29,544649952.4040104,9
1763254908082,0.29,520946717.1682183,9
1763258553297,0.29,514948086.3842581,9
1763262195996,0.3,537392758.0842212,9
1763265724461,0.3,537102421.3811268,9
1763269313292,0.3,537778440.606488,9
1763272878950,0.3,537284901.869152,9
1763276528608,0.3,547807583.5252271,9
1763280155109,0.3,561494891.3809934,9
1763283753099,0.3,540430501.6846966,9
1763287283810,0.3,550245611.8536646,9
1763290968455,0.3,541674884.2395914,9
1763294467558,0.3,576421448.0775411,9
1763298114174,0.3,578709814.5543244,9
1763301707516,0.29,587545356.5397799,9
1763305297025,0.3,599949849.9594585,9
1763309111557,0.29,642973546.3234878,9
1763312545050,0.29,698602986.3594674,9
1763316067971,0.29,731853338.0907567,9
1763319665663,0.29,795610421.8563522,9
1763323294686,0.29,831370949.440139,9
1763326925477,0.29,847798770.3324169,9
1763330496466,0.29,853213298.6374347,9
1763334088289,0.29,885812071.6702477,9
1763337749645,0.29,940823226.5187356,9
1763341282334,0.29,977428221.3002851,9
1763344876659,0.29,982522097.8665864,9
1763348573712,0.29,961926566.3487961,9
1763352029870,0.29,984467320.2581857,9
1763355663419,0.29,976304002.8249334,9
1763359308119,0.29,967531426.7032993,9
1763362910503,0.29,955071313.361532,9
1763366470780,0.29,956705484.0624914,9
1763370064290,0.29,946627873.2412924,9
1763373780934,0.29,922425898.4694159,9
1763377280532,0.29,925191320.0279298,9
1763380904314,0.29,895028589.3380088,9
1763384498194,0.29,885216678.2512544,9
1763388174133,0.29,914479561.8639336,9
1763391760953,0.3,996932074.2226392,9
1763395367348,0.29,1043140610.9892839,9
1763399002177,0.29,1022374959.6695083,9
1763402528277,0.29,1016731944.9971671,9
1763406109583,0.29,966836346.6493716,9
1763409702423,0.29,975668478.1787213,9
1763413254689,0.29,1035429429.7052891,9
1763416923045,0.29,1053213227.7653226,9
1763420468911,0.29,1045735776.500803,9
1763424096564,0.29,987864222.9473106,9
1763427758856,0.29,980050731.1650815,9
1763431319130,0.29,993663066.8508688,9
1763434864509,0.29,1047294581.7387189,9
1763438468937,0.29,1110675790.6341856,9
1763442091789,0.29,1142715877.7534063,9
1763445941525,0.29,1171688336.676816,9
1763449310664,0.29,1209565440.779282,9
1763452867289,0.29,1243986624.7495387,9
1763456495951,0.29,1274442242.766371,9
1763460056899,0.29,1285233295.7162817,9
1763463651525,0.29,1301924399.421227,9
1763467219472,0.29,1316467580.3108306,9
1763470901124,0.29,1327361553.6353183,9
1763474558038,0.29,1317680337.9916434,9
1763478144534,0.29,1249585167.1758418,9
1763481656147,0.29,1240242977.067444,9
1763485272468,0.29,1195393225.9383318,9
1763488882536,0.29,1193901599.5883782,9
1763492508554,0.29,1179310701.9616215,9
1763496063643,0.29,1128950058.1361885,9
1763499741234,0.29,1068024702.8809777,9
1763503303923,0.29,1042379451.6668159,9
1763506931537,0.29,1017735714.209371,9
1763510497339,0.29,1022970221.8070331,9
1763514177283,0.29,1013828720.6400641,9
1763517744498,0.29,1014102712.8706826,9
1763521310917,0.29,963983587.9861342,9
1763524823197,0.29,903935765.1749394,9
1763528490197,0.29,864648487.8706036,9
1763532085046,0.29,887862607.8514119,9
1763535761218,0.29,869104683.332453,9
1763539296177,0.29,838245348.3264067,9
1763542925210,0.29,815428007.0987958,9
1763546592483,0.29,811000667.0706866,9
1763550006507,0.29,785471631.9182696,9
1763553659828,0.29,779191331.908372,9
1763557361518,0.29,764313970.7022343,9
1763561015084,0.29,773162922.8891783,9
1763564515570,0.29,769213956.9332072,9
1763568113702,0.28,775308554.3182045,9
1763569691000,0.28,774305376.4379001,9
